Customer_ID,Willingness_to_Pay,Churn_Probability,Churn_Rate_%
1,1625,0.038,3.8
2,1958,0.141,14.1
3,1359,0.114,11.4
4,1793,0.246,24.6
5,1629,0.046,4.6
6,1594,0.112,11.2
7,1543,0.243,24.3
8,620,0.219,21.9
9,965,0.208,20.8
10,1737,0.079,7.9
11,829,0.059,5.9
12,1981,0.174,17.4
13,586,0.234,23.4
14,1895,0.148,14.8
15,1622,0.151,15.1
16,1370,0.084,8.4
17,629,0.197,19.7
18,1831,0.063,6.3
19,1268,0.094,9.4
20,842,0.118,11.8
21,1936,0.137,13.7
22,1304,0.076,7.6
23,884,0.046,4.6
24,1714,0.16,16.0
25,1454,0.086,8.6
26,775,0.154,15.4
27,1683,0.056,5.6
28,958,0.131,13.1
29,1836,0.142,14.2
30,520,0.032,3.2
31,751,0.097,9.7
32,1246,0.051,5.1
33,1355,0.035,3.5
34,973,0.248,24.8
35,1581,0.094,9.4
36,1009,0.206,20.6
37,1998,0.079,7.9
38,1198,0.177,17.7
39,1474,0.195,19.5
40,688,0.157,15.7
41,1456,0.128,12.8
42,1185,0.115,11.5
43,1456,0.1,10.0
44,1061,0.234,23.4
45,1766,0.211,21.1
46,1330,0.242,24.2
47,1653,0.049,4.9
48,1145,0.188,18.8
49,519,0.236,23.6
50,1339,0.062,6.2
51,665,0.035,3.5
52,1796,0.19,19.0
53,886,0.152,15.2
54,1099,0.214,21.4
55,814,0.052,5.2
56,512,0.203,20.3
57,740,0.066,6.6
58,1275,0.058,5.8
59,1868,0.058,5.8
60,1063,0.207,20.7
61,1396,0.173,17.3
62,1862,0.14,14.0
63,590,0.103,10.3
64,1889,0.222,22.2
65,1454,0.11,11.0
66,1977,0.208,20.8
67,1950,0.121,12.1
68,1007,0.107,10.7
69,1274,0.126,12.6
70,533,0.089,8.9
71,704,0.192,19.2
72,1603,0.136,13.6
73,1910,0.073,7.3
74,1524,0.227,22.7
75,1520,0.108,10.8
76,1912,0.145,14.5
77,1064,0.228,22.8
78,1628,0.164,16.4
79,1999,0.047,4.7
80,1201,0.236,23.6
81,900,0.164,16.4
82,1228,0.097,9.7
83,660,0.052,5.2
84,700,0.203,20.3
85,1494,0.163,16.3
86,768,0.143,14.3
87,1314,0.226,22.6
88,1793,0.201,20.1
89,954,0.055,5.5
90,1984,0.092,9.2
91,1774,0.077,7.7
92,1515,0.191,19.1
93,794,0.028,2.8
94,1218,0.151,15.1
95,836,0.195,19.5
96,1377,0.222,22.2
97,1575,0.099,9.9
98,1290,0.209,20.9
99,715,0.045,4.5
100,1262,0.215,21.5
101,686,0.049,4.9
102,878,0.111,11.1
103,991,0.203,20.3
104,1563,0.054,5.4
105,1679,0.073,7.3
106,513,0.186,18.6
107,563,0.186,18.6
108,1019,0.167,16.7
109,1866,0.18,18.0
110,1651,0.145,14.5
111,1146,0.078,7.8
112,1994,0.1,10.0
113,1585,0.062,6.2
114,1661,0.229,22.9
115,1091,0.154,15.4
116,890,0.112,11.2
117,917,0.126,12.6
118,787,0.238,23.8
119,877,0.055,5.5
120,729,0.155,15.5
121,1516,0.136,13.6
122,539,0.161,16.1
123,1550,0.024,2.4
124,633,0.221,22.1
125,699,0.234,23.4
126,1278,0.15,15.0
127,1428,0.18,18.0
128,1555,0.232,23.2
129,1570,0.183,18.3
130,1001,0.055,5.5
131,905,0.153,15.3
132,1303,0.16,16.0
133,597,0.118,11.8
134,1182,0.189,18.9
135,1224,0.235,23.5
136,1459,0.233,23.3
137,1111,0.124,12.4
138,1984,0.046,4.6
139,1141,0.247,24.7
140,1527,0.213,21.3
141,1740,0.049,4.9
142,1001,0.232,23.2
143,1265,0.22,22.0
144,896,0.139,13.9
145,1369,0.156,15.6
146,1293,0.112,11.2
147,891,0.033,3.3
148,705,0.097,9.7
149,1537,0.205,20.5
150,1390,0.021,2.1
151,1983,0.097,9.7
152,1362,0.112,11.2
153,1241,0.144,14.4
154,1763,0.232,23.2
155,1062,0.1,10.0
156,1519,0.1,10.0
157,594,0.19,19.0
158,983,0.124,12.4
159,1929,0.072,7.2
160,729,0.124,12.4
161,1247,0.052,5.2
162,1693,0.061,6.1
163,1039,0.135,13.5
164,1558,0.116,11.6
165,1023,0.23,23.0
166,1682,0.103,10.3
167,1765,0.154,15.4
168,1608,0.165,16.5
169,1076,0.023,2.3
170,1180,0.173,17.3
171,1055,0.061,6.1
172,1511,0.241,24.1
173,1144,0.054,5.4
174,1294,0.115,11.5
175,1550,0.04,4.0
176,1862,0.249,24.9
177,1853,0.136,13.6
178,1870,0.157,15.7
179,1995,0.035,3.5
180,1753,0.192,19.2
181,688,0.068,6.8
182,1747,0.227,22.7
183,1907,0.067,6.7
184,1899,0.064,6.4
185,1805,0.028,2.8
186,1131,0.129,12.9
187,1126,0.15,15.0
188,1471,0.035,3.5
189,1781,0.198,19.8
190,1881,0.124,12.4
191,1208,0.141,14.1
192,1978,0.121,12.1
193,1933,0.112,11.2
194,1147,0.149,14.9
195,816,0.056,5.6
196,1747,0.062,6.2
197,1756,0.218,21.8
198,1182,0.238,23.8
199,1162,0.106,10.6
200,1896,0.082,8.2
201,1994,0.168,16.8
202,1755,0.114,11.4
203,1635,0.026,2.6
204,940,0.056,5.6
205,1062,0.185,18.5
206,1790,0.172,17.2
207,1908,0.026,2.6
208,1909,0.071,7.1
209,1635,0.073,7.3
210,1450,0.175,17.5
211,1603,0.025,2.5
212,1197,0.044,4.4
213,611,0.204,20.4
214,500,0.061,6.1
215,1140,0.17,17.0
216,718,0.075,7.5
217,1353,0.043,4.3
218,1747,0.076,7.6
219,883,0.186,18.6
220,1925,0.217,21.7
221,1652,0.211,21.1
222,1575,0.111,11.1
223,1228,0.174,17.4
224,1938,0.067,6.7
225,745,0.087,8.7
226,1334,0.226,22.6
227,1961,0.023,2.3
228,701,0.04,4.0
229,1706,0.068,6.8
230,621,0.026,2.6
231,899,0.062,6.2
232,1265,0.154,15.4
233,792,0.117,11.7
234,778,0.225,22.5
235,1382,0.208,20.8
236,696,0.099,9.9
237,1480,0.08,8.0
238,1250,0.107,10.7
239,642,0.156,15.6
240,1107,0.082,8.2
241,1723,0.164,16.4
242,1646,0.114,11.4
243,685,0.147,14.7
244,1848,0.12,12.0
245,962,0.088,8.8
246,1871,0.238,23.8
247,1158,0.196,19.6
248,1262,0.052,5.2
249,1453,0.22,22.0
250,901,0.132,13.2
251,1868,0.226,22.6
252,645,0.204,20.4
253,1670,0.118,11.8
254,1362,0.025,2.5
255,987,0.082,8.2
256,1427,0.145,14.5
257,1049,0.166,16.6
258,836,0.079,7.9
259,1370,0.052,5.2
260,1139,0.212,21.2
261,971,0.246,24.6
262,649,0.141,14.1
263,1937,0.059,5.9
264,1820,0.083,8.3
265,761,0.024,2.4
266,642,0.23,23.0
267,844,0.047,4.7
268,1122,0.153,15.3
269,1515,0.083,8.3
270,1379,0.147,14.7
271,500,0.17,17.0
272,1395,0.211,21.1
273,1826,0.067,6.7
274,752,0.023,2.3
275,951,0.051,5.1
276,1559,0.227,22.7
277,1682,0.221,22.1
278,1513,0.157,15.7
279,507,0.158,15.8
280,1755,0.173,17.3
281,1621,0.06,6.0
282,1314,0.23,23.0
283,706,0.116,11.6
284,1653,0.108,10.8
285,902,0.139,13.9
286,650,0.031,3.1
287,552,0.058,5.8
288,1642,0.19,19.0
289,1126,0.039,3.9
290,1085,0.159,15.9
291,1942,0.076,7.6
292,1944,0.11,11.0
293,602,0.086,8.6
294,752,0.102,10.2
295,1749,0.185,18.5
296,1634,0.088,8.8
297,1008,0.15,15.0
298,1995,0.129,12.9
299,597,0.173,17.3
300,651,0.235,23.5
301,1412,0.188,18.8
302,1376,0.069,6.9
303,836,0.027,2.7
304,1320,0.08,8.0
305,1685,0.157,15.7
306,1455,0.032,3.2
307,659,0.134,13.4
308,1299,0.157,15.7
309,896,0.097,9.7
310,1799,0.197,19.7
311,1314,0.045,4.5
312,1914,0.037,3.7
313,1657,0.187,18.7
314,1717,0.134,13.4
315,899,0.178,17.8
316,1138,0.12,12.0
317,1555,0.077,7.7
318,1186,0.208,20.8
319,958,0.204,20.4
320,1453,0.18,18.0
321,968,0.083,8.3
322,1897,0.156,15.6
323,1544,0.103,10.3
324,1248,0.041,4.1
325,536,0.231,23.1
326,728,0.051,5.1
327,1887,0.239,23.9
328,1061,0.123,12.3
329,936,0.063,6.3
330,1805,0.145,14.5
331,525,0.221,22.1
332,724,0.188,18.8
333,1799,0.206,20.6
334,1296,0.172,17.2
335,782,0.179,17.9
336,1377,0.215,21.5
337,1458,0.077,7.7
338,951,0.133,13.3
339,1518,0.071,7.1
340,1314,0.247,24.7
341,1157,0.237,23.7
342,1045,0.029,2.9
343,1714,0.182,18.2
344,1571,0.233,23.3
345,515,0.062,6.2
346,1694,0.151,15.1
347,1742,0.231,23.1
348,656,0.028,2.8
349,975,0.18,18.0
350,1568,0.088,8.8
351,1895,0.233,23.3
352,1016,0.243,24.3
353,597,0.237,23.7
354,1559,0.129,12.9
355,778,0.218,21.8
356,1871,0.214,21.4
357,995,0.093,9.3
358,800,0.211,21.1
359,679,0.029,2.9
360,1105,0.157,15.7
361,1621,0.073,7.3
362,1198,0.048,4.8
363,1491,0.038,3.8
364,1638,0.18,18.0
365,689,0.098,9.8
366,751,0.187,18.7
367,1479,0.035,3.5
368,1426,0.093,9.3
369,1683,0.144,14.4
370,1778,0.202,20.2
371,1845,0.093,9.3
372,626,0.164,16.4
373,516,0.224,22.4
374,1064,0.162,16.2
375,1068,0.074,7.4
376,1845,0.026,2.6
377,1184,0.22,22.0
378,1124,0.025,2.5
379,1810,0.221,22.1
380,1352,0.142,14.2
381,1460,0.236,23.6
382,653,0.204,20.4
383,988,0.25,25.0
384,1908,0.101,10.1
385,1283,0.196,19.6
386,1626,0.112,11.2
387,1915,0.13,13.0
388,744,0.164,16.4
389,1698,0.221,22.1
390,1561,0.246,24.6
391,1999,0.197,19.7
392,1257,0.116,11.6
393,1036,0.117,11.7
394,1419,0.19,19.0
395,906,0.075,7.5
396,1023,0.045,4.5
397,1326,0.102,10.2
398,1401,0.086,8.6
399,534,0.088,8.8
400,1183,0.074,7.4
401,518,0.03,3.0
402,819,0.024,2.4
403,1010,0.247,24.7
404,898,0.118,11.8
405,1152,0.108,10.8
406,1470,0.176,17.6
407,969,0.07,7.0
408,1665,0.238,23.8
409,1614,0.201,20.1
410,1876,0.041,4.1
411,1332,0.116,11.6
412,1225,0.222,22.2
413,1352,0.237,23.7
414,549,0.128,12.8
415,1073,0.161,16.1
416,1712,0.058,5.8
417,1647,0.248,24.8
418,648,0.073,7.3
419,812,0.237,23.7
420,1068,0.169,16.9
421,1864,0.16,16.0
422,803,0.138,13.8
423,1180,0.073,7.3
424,1336,0.061,6.1
425,1576,0.071,7.1
426,1501,0.063,6.3
427,942,0.199,19.9
428,1111,0.101,10.1
429,1491,0.033,3.3
430,762,0.243,24.3
431,1575,0.223,22.3
432,1502,0.233,23.3
433,503,0.249,24.9
434,1625,0.06,6.0
435,1718,0.111,11.1
436,1272,0.194,19.4
437,1375,0.18,18.0
438,1490,0.055,5.5
439,1382,0.208,20.8
440,1872,0.072,7.2
441,545,0.071,7.1
442,1365,0.144,14.4
443,1321,0.156,15.6
444,1434,0.153,15.3
445,1154,0.041,4.1
446,767,0.222,22.2
447,868,0.081,8.1
448,1134,0.05,5.0
449,1628,0.224,22.4
450,1155,0.24,24.0
451,618,0.218,21.8
452,1329,0.206,20.6
453,1580,0.171,17.1
454,1868,0.147,14.7
455,1239,0.04,4.0
456,1996,0.114,11.4
457,615,0.106,10.6
458,1289,0.08,8.0
459,1649,0.186,18.6
460,1915,0.134,13.4
461,1511,0.039,3.9
462,1580,0.071,7.1
463,1132,0.177,17.7
464,1011,0.038,3.8
465,1300,0.216,21.6
466,1618,0.134,13.4
467,1640,0.131,13.1
468,1058,0.156,15.6
469,986,0.21,21.0
470,1759,0.1,10.0
471,1395,0.176,17.6
472,1794,0.15,15.0
473,1711,0.081,8.1
474,1202,0.222,22.2
475,1969,0.203,20.3
476,1079,0.171,17.1
477,1288,0.216,21.6
478,1359,0.219,21.9
479,745,0.183,18.3
480,1598,0.213,21.3
481,652,0.18,18.0
482,1957,0.176,17.6
483,1495,0.162,16.2
484,1608,0.193,19.3
485,1195,0.056,5.6
486,1807,0.223,22.3
487,1742,0.221,22.1
488,1591,0.027,2.7
489,1569,0.21,21.0
490,1507,0.05,5.0
491,592,0.097,9.7
492,1456,0.191,19.1
493,1510,0.057,5.7
494,951,0.208,20.8
495,1726,0.211,21.1
496,1410,0.137,13.7
497,716,0.021,2.1
498,972,0.086,8.6
499,930,0.162,16.2
500,839,0.246,24.6
501,1049,0.165,16.5
502,1811,0.08,8.0
503,1776,0.166,16.6
504,855,0.144,14.4
505,521,0.199,19.9
506,1020,0.045,4.5
507,1622,0.195,19.5
508,1300,0.144,14.4
509,1702,0.241,24.1
510,1745,0.099,9.9
511,1260,0.166,16.6
512,940,0.234,23.4
513,1267,0.044,4.4
514,1514,0.236,23.6
515,1847,0.178,17.8
516,1014,0.036,3.6
517,1538,0.089,8.9
518,1290,0.183,18.3
519,834,0.035,3.5
520,756,0.154,15.4
521,995,0.1,10.0
522,1394,0.163,16.3
523,658,0.031,3.1
524,1997,0.22,22.0
525,1350,0.244,24.4
526,1188,0.243,24.3
527,878,0.192,19.2
528,1455,0.05,5.0
529,1189,0.194,19.4
530,1949,0.026,2.6
531,1790,0.025,2.5
532,1939,0.094,9.4
533,1690,0.132,13.2
534,1565,0.197,19.7
535,783,0.177,17.7
536,895,0.123,12.3
537,510,0.083,8.3
538,1824,0.249,24.9
539,1775,0.118,11.8
540,997,0.124,12.4
541,1252,0.058,5.8
542,533,0.203,20.3
543,1225,0.18,18.0
544,1347,0.071,7.1
545,588,0.039,3.9
546,1274,0.177,17.7
547,1103,0.171,17.1
548,1468,0.083,8.3
549,1520,0.239,23.9
550,916,0.055,5.5
551,613,0.119,11.9
552,1115,0.237,23.7
553,1718,0.117,11.7
554,1324,0.167,16.7
555,1597,0.111,11.1
556,911,0.083,8.3
557,1898,0.246,24.6
558,1942,0.114,11.4
559,1227,0.226,22.6
560,1799,0.073,7.3
561,1519,0.069,6.9
562,1259,0.027,2.7
563,1174,0.17,17.0
564,1916,0.105,10.5
565,955,0.219,21.9
566,1418,0.129,12.9
567,690,0.243,24.3
568,1237,0.063,6.3
569,1621,0.22,22.0
570,1476,0.199,19.9
571,1507,0.197,19.7
572,594,0.214,21.4
573,1161,0.195,19.5
574,1712,0.164,16.4
575,535,0.05,5.0
576,1891,0.027,2.7
577,777,0.232,23.2
578,715,0.162,16.2
579,1365,0.203,20.3
580,1371,0.131,13.1
581,1795,0.047,4.7
582,560,0.049,4.9
583,1094,0.178,17.8
584,1227,0.119,11.9
585,1864,0.066,6.6
586,895,0.133,13.3
587,1197,0.035,3.5
588,1541,0.154,15.4
589,675,0.082,8.2
590,894,0.203,20.3
591,943,0.091,9.1
592,1755,0.125,12.5
593,574,0.023,2.3
594,763,0.037,3.7
595,953,0.11,11.0
596,1216,0.13,13.0
597,1233,0.158,15.8
598,1906,0.087,8.7
599,1349,0.18,18.0
600,1889,0.218,21.8
601,642,0.199,19.9
602,1383,0.029,2.9
603,1591,0.131,13.1
604,1621,0.044,4.4
605,894,0.076,7.6
606,1547,0.247,24.7
607,1446,0.053,5.3
608,1389,0.135,13.5
609,1991,0.162,16.2
610,1673,0.182,18.2
611,1666,0.149,14.9
612,1067,0.022,2.2
613,1561,0.095,9.5
614,607,0.139,13.9
615,1564,0.04,4.0
616,1708,0.101,10.1
617,1433,0.028,2.8
618,896,0.038,3.8
619,1745,0.111,11.1
620,1132,0.051,5.1
621,1655,0.151,15.1
622,1685,0.179,17.9
623,1737,0.204,20.4
624,1231,0.066,6.6
625,733,0.059,5.9
626,1156,0.044,4.4
627,1249,0.166,16.6
628,1086,0.182,18.2
629,1531,0.027,2.7
630,1596,0.235,23.5
631,1452,0.032,3.2
632,990,0.144,14.4
633,1411,0.183,18.3
634,1775,0.22,22.0
635,1752,0.184,18.4
636,1696,0.204,20.4
637,1690,0.098,9.8
638,668,0.207,20.7
639,1915,0.038,3.8
640,1444,0.226,22.6
641,1293,0.146,14.6
642,1132,0.208,20.8
643,1716,0.124,12.4
644,527,0.168,16.8
645,1687,0.141,14.1
646,1944,0.188,18.8
647,837,0.039,3.9
648,1887,0.034,3.4
649,1864,0.077,7.7
650,998,0.057,5.7
651,1009,0.221,22.1
652,1849,0.07,7.0
653,715,0.244,24.4
654,1823,0.097,9.7
655,1654,0.062,6.2
656,1592,0.202,20.2
657,1774,0.172,17.2
658,1937,0.135,13.5
659,943,0.148,14.8
660,1374,0.185,18.5
661,1704,0.073,7.3
662,665,0.249,24.9
663,589,0.244,24.4
664,1212,0.17,17.0
665,537,0.066,6.6
666,1648,0.176,17.6
667,1973,0.037,3.7
668,671,0.027,2.7
669,1151,0.079,7.9
670,1252,0.126,12.6
671,1742,0.22,22.0
672,1580,0.187,18.7
673,974,0.191,19.1
674,954,0.118,11.8
675,1327,0.1,10.0
676,1393,0.105,10.5
677,1883,0.247,24.7
678,1523,0.029,2.9
679,885,0.219,21.9
680,846,0.153,15.3
681,688,0.121,12.1
682,1003,0.187,18.7
683,1713,0.132,13.2
684,1891,0.221,22.1
685,1931,0.227,22.7
686,1322,0.117,11.7
687,1427,0.084,8.4
688,1432,0.156,15.6
689,1639,0.23,23.0
690,632,0.068,6.8
691,556,0.163,16.3
692,1183,0.165,16.5
693,1170,0.189,18.9
694,671,0.05,5.0
695,1313,0.185,18.5
696,1671,0.229,22.9
697,578,0.061,6.1
698,1384,0.075,7.5
699,1735,0.243,24.3
700,701,0.062,6.2
701,1262,0.217,21.7
702,1751,0.133,13.3
703,1749,0.077,7.7
704,1963,0.22,22.0
705,1924,0.122,12.2
706,545,0.138,13.8
707,1755,0.103,10.3
708,1827,0.156,15.6
709,1665,0.058,5.8
710,1937,0.11,11.0
711,1895,0.243,24.3
712,1781,0.079,7.9
713,1154,0.171,17.1
714,969,0.095,9.5
715,1469,0.198,19.8
716,1534,0.05,5.0
717,1852,0.243,24.3
718,1234,0.124,12.4
719,1282,0.074,7.4
720,1466,0.037,3.7
721,856,0.059,5.9
722,1470,0.14,14.0
723,1930,0.098,9.8
724,1166,0.211,21.1
725,871,0.119,11.9
726,1530,0.077,7.7
727,1644,0.162,16.2
728,1870,0.183,18.3
729,1174,0.058,5.8
730,588,0.059,5.9
731,1196,0.028,2.8
732,1838,0.189,18.9
733,1700,0.173,17.3
734,1038,0.129,12.9
735,1230,0.214,21.4
736,1367,0.205,20.5
737,539,0.155,15.5
738,1238,0.22,22.0
739,1000,0.067,6.7
740,1457,0.046,4.6
741,1667,0.082,8.2
742,1723,0.033,3.3
743,1427,0.142,14.2
744,959,0.235,23.5
745,1230,0.029,2.9
746,1250,0.048,4.8
747,1423,0.124,12.4
748,1407,0.235,23.5
749,1775,0.093,9.3
750,888,0.137,13.7
751,1381,0.03,3.0
752,754,0.054,5.4
753,1207,0.247,24.7
754,948,0.242,24.2
755,508,0.021,2.1
756,1322,0.239,23.9
757,1296,0.167,16.7
758,1764,0.22,22.0
759,1773,0.125,12.5
760,1375,0.139,13.9
761,1527,0.132,13.2
762,1641,0.173,17.3
763,1514,0.052,5.2
764,872,0.027,2.7
765,1587,0.091,9.1
766,644,0.182,18.2
767,722,0.066,6.6
768,1761,0.175,17.5
769,675,0.243,24.3
770,1351,0.042,4.2
771,1804,0.175,17.5
772,561,0.122,12.2
773,1739,0.22,22.0
774,1325,0.061,6.1
775,1293,0.179,17.9
776,1187,0.213,21.3
777,1983,0.237,23.7
778,603,0.177,17.7
779,1621,0.134,13.4
780,1009,0.162,16.2
781,883,0.22,22.0
782,903,0.151,15.1
783,1321,0.027,2.7
784,1016,0.234,23.4
785,974,0.179,17.9
786,1207,0.176,17.6
787,1269,0.07,7.0
788,1959,0.172,17.2
789,1545,0.111,11.1
790,1495,0.17,17.0
791,1175,0.045,4.5
792,1212,0.171,17.1
793,1980,0.25,25.0
794,581,0.031,3.1
795,1667,0.245,24.5
796,1607,0.114,11.4
797,1600,0.22,22.0
798,955,0.2,20.0
799,499,0.15,15.0
800,549,0.19,19.0
801,1183,0.222,22.2
802,1215,0.113,11.3
803,1968,0.095,9.5
804,947,0.174,17.4
805,1379,0.206,20.6
806,986,0.195,19.5
807,532,0.203,20.3
808,1870,0.12,12.0
809,593,0.208,20.8
810,1594,0.048,4.8
811,652,0.145,14.5
812,748,0.021,2.1
813,1172,0.095,9.5
814,936,0.104,10.4
815,616,0.111,11.1
816,1269,0.18,18.0
817,1828,0.109,10.9
818,766,0.123,12.3
819,1576,0.075,7.5
820,734,0.106,10.6
821,887,0.072,7.2
822,1488,0.037,3.7
823,1261,0.159,15.9
824,899,0.174,17.4
825,1122,0.162,16.2
826,1265,0.127,12.7
827,1825,0.107,10.7
828,1417,0.219,21.9
829,1729,0.139,13.9
830,1751,0.13,13.0
831,1351,0.026,2.6
832,1076,0.098,9.8
833,573,0.107,10.7
834,933,0.112,11.2
835,601,0.153,15.3
836,1944,0.143,14.3
837,1262,0.16,16.0
838,1236,0.196,19.6
839,1304,0.207,20.7
840,1828,0.185,18.5
841,596,0.24,24.0
842,1296,0.024,2.4
843,1857,0.065,6.5
844,1357,0.022,2.2
845,933,0.169,16.9
846,945,0.227,22.7
847,1830,0.076,7.6
848,747,0.233,23.3
849,664,0.034,3.4
850,1482,0.235,23.5
851,1857,0.101,10.1
852,1518,0.043,4.3
853,1040,0.132,13.2
854,1257,0.079,7.9
855,1628,0.086,8.6
856,579,0.091,9.1
857,631,0.205,20.5
858,1295,0.144,14.4
859,1398,0.092,9.2
860,636,0.16,16.0
861,682,0.185,18.5
862,1923,0.083,8.3
863,1852,0.115,11.5
864,1283,0.048,4.8
865,1482,0.062,6.2
866,567,0.177,17.7
867,1044,0.062,6.2
868,551,0.141,14.1
869,1972,0.183,18.3
870,703,0.045,4.5
871,624,0.15,15.0
872,541,0.079,7.9
873,609,0.241,24.1
874,1259,0.131,13.1
875,1705,0.205,20.5
876,1346,0.147,14.7
877,593,0.03,3.0
878,1896,0.166,16.6
879,1398,0.239,23.9
880,858,0.158,15.8
881,1398,0.208,20.8
882,779,0.223,22.3
883,1717,0.072,7.2
884,1717,0.069,6.9
885,1165,0.161,16.1
886,591,0.115,11.5
887,1170,0.213,21.3
888,559,0.227,22.7
889,1132,0.101,10.1
890,1573,0.074,7.4
891,1925,0.2,20.0
892,1527,0.083,8.3
893,1988,0.209,20.9
894,1102,0.117,11.7
895,1180,0.174,17.4
896,1032,0.042,4.2
897,1927,0.163,16.3
898,1336,0.124,12.4
899,1143,0.155,15.5
900,731,0.059,5.9
901,1022,0.189,18.9
902,844,0.218,21.8
903,1568,0.07,7.0
904,1044,0.042,4.2
905,1600,0.025,2.5
906,1595,0.168,16.8
907,1292,0.16,16.0
908,747,0.146,14.6
909,545,0.073,7.3
910,1643,0.11,11.0
911,712,0.157,15.7
912,737,0.134,13.4
913,1578,0.247,24.7
914,848,0.051,5.1
915,605,0.18,18.0
916,1329,0.113,11.3
917,546,0.118,11.8
918,835,0.185,18.5
919,1548,0.179,17.9
920,1302,0.248,24.8
921,1779,0.05,5.0
922,506,0.044,4.4
923,1123,0.187,18.7
924,1775,0.153,15.3
925,1217,0.083,8.3
926,801,0.038,3.8
927,1137,0.04,4.0
928,554,0.226,22.6
929,1224,0.064,6.4
930,1024,0.094,9.4
931,972,0.072,7.2
932,526,0.102,10.2
933,576,0.036,3.6
934,1738,0.139,13.9
935,1908,0.036,3.6
936,863,0.204,20.4
937,1164,0.074,7.4
938,1024,0.144,14.4
939,1197,0.222,22.2
940,1834,0.17,17.0
941,1381,0.143,14.3
942,1529,0.095,9.5
943,1525,0.097,9.7
944,1417,0.174,17.4
945,1248,0.249,24.9
946,861,0.172,17.2
947,1796,0.148,14.8
948,1304,0.188,18.8
949,1237,0.127,12.7
950,1537,0.034,3.4
951,1714,0.149,14.9
952,983,0.24,24.0
953,526,0.06,6.0
954,1212,0.179,17.9
955,1561,0.066,6.6
956,1795,0.143,14.3
957,1753,0.042,4.2
958,584,0.124,12.4
959,1996,0.194,19.4
960,624,0.1,10.0
961,1310,0.173,17.3
962,1035,0.203,20.3
963,643,0.233,23.3
964,1734,0.074,7.4
965,523,0.112,11.2
966,1916,0.055,5.5
967,565,0.248,24.8
968,731,0.233,23.3
969,607,0.144,14.4
970,1668,0.214,21.4
971,609,0.14,14.0
972,726,0.163,16.3
973,609,0.04,4.0
974,1992,0.194,19.4
975,532,0.049,4.9
976,1121,0.21,21.0
977,1891,0.2,20.0
978,1246,0.183,18.3
979,1093,0.028,2.8
980,923,0.09,9.0
981,1111,0.081,8.1
982,1190,0.103,10.3
983,1804,0.04,4.0
984,1842,0.236,23.6
985,1965,0.147,14.7
986,813,0.09,9.0
987,1375,0.111,11.1
988,1899,0.123,12.3
989,1811,0.158,15.8
990,1959,0.139,13.9
991,1160,0.231,23.1
992,775,0.134,13.4
993,1122,0.248,24.8
994,1014,0.216,21.6
995,1872,0.068,6.8
996,1341,0.234,23.4
997,1968,0.047,4.7
998,848,0.208,20.8
999,1321,0.108,10.8
1000,1659,0.222,22.2
