Customer_ID,Willingness_to_Pay,Churn_Probability,Churn_Rate_%,Cluster,Customer_Segment,Adjusted_Value,Predicted_Adjusted_Value
1,1625,0.038,3.8,0,Premium Customers,1563.25,1527.85
2,1958,0.141,14.1,0,Premium Customers,1681.922,1686.44
3,1359,0.114,11.4,0,Premium Customers,1204.074,1201.82
4,1793,0.246,24.6,2,Value-Oriented Customers,1351.922,1411.34
5,1629,0.046,4.6,0,Premium Customers,1554.066,1521.24
6,1594,0.112,11.2,0,Premium Customers,1415.472,1407.81
7,1543,0.243,24.3,2,Value-Oriented Customers,1168.051,1198.67
8,620,0.219,21.9,1,Price-Sensitive Customers,484.22,429.75
9,965,0.208,20.8,2,Value-Oriented Customers,764.2800000000001,742.31
10,1737,0.079,7.9,0,Premium Customers,1599.777,1573.18
11,829,0.059,5.9,1,Price-Sensitive Customers,780.089,812.21
12,1981,0.174,17.4,2,Value-Oriented Customers,1636.306,1664.79
13,586,0.234,23.4,1,Price-Sensitive Customers,448.87600000000003,381.42
14,1895,0.148,14.8,2,Value-Oriented Customers,1614.54,1623.08
15,1622,0.151,15.1,2,Value-Oriented Customers,1377.078,1382.93
16,1370,0.084,8.4,0,Premium Customers,1254.92,1249.13
17,629,0.197,19.7,1,Price-Sensitive Customers,505.08699999999993,465.25
18,1831,0.063,6.3,0,Premium Customers,1715.6470000000002,1674.72
19,1268,0.094,9.4,0,Premium Customers,1148.808,1148.22
20,842,0.118,11.8,1,Price-Sensitive Customers,742.644,749.16
21,1936,0.137,13.7,0,Premium Customers,1670.768,1672.43
22,1304,0.076,7.6,0,Premium Customers,1204.896,1202.06
23,884,0.046,4.6,1,Price-Sensitive Customers,843.336,876.2
24,1714,0.16,16.0,2,Value-Oriented Customers,1439.76,1451.25
25,1454,0.086,8.6,0,Premium Customers,1328.9560000000001,1319.34
26,775,0.154,15.4,1,Price-Sensitive Customers,655.65,645.81
27,1683,0.056,5.6,0,Premium Customers,1588.752,1555.4
28,958,0.131,13.1,1,Price-Sensitive Customers,832.502,833.22
29,1836,0.142,14.2,0,Premium Customers,1575.288,1579.55
30,520,0.032,3.2,1,Price-Sensitive Customers,503.36,578.68
31,751,0.097,9.7,1,Price-Sensitive Customers,678.153,696.82
32,1246,0.051,5.1,0,Premium Customers,1182.454,1183.33
33,1355,0.035,3.5,0,Premium Customers,1307.575,1297.86
34,973,0.248,24.8,2,Value-Oriented Customers,731.696,698.86
35,1581,0.094,9.4,0,Premium Customers,1432.386,1419.22
36,1009,0.206,20.6,2,Value-Oriented Customers,801.1460000000001,782.92
37,1998,0.079,7.9,0,Premium Customers,1840.1580000000001,1799.16
38,1198,0.177,17.7,2,Value-Oriented Customers,985.954,983.08
39,1474,0.195,19.5,2,Value-Oriented Customers,1186.57,1199.38
40,688,0.157,15.7,1,Price-Sensitive Customers,579.9839999999999,566.71
41,1456,0.128,12.8,0,Premium Customers,1269.632,1268.18
42,1185,0.115,11.5,1,Price-Sensitive Customers,1048.725,1049.91
43,1456,0.1,10.0,0,Premium Customers,1310.4,1303.44
44,1061,0.234,23.4,2,Value-Oriented Customers,812.726,792.68
45,1766,0.211,21.1,2,Value-Oriented Customers,1393.374,1432.05
46,1330,0.242,24.2,2,Value-Oriented Customers,1008.14,1015.51
47,1653,0.049,4.9,0,Premium Customers,1572.003,1538.24
48,1145,0.188,18.8,2,Value-Oriented Customers,929.74,923.34
49,519,0.236,23.6,1,Price-Sensitive Customers,396.516,320.89
50,1339,0.062,6.2,0,Premium Customers,1255.982,1250.0
51,665,0.035,3.5,1,Price-Sensitive Customers,641.725,700.45
52,1796,0.19,19.0,2,Value-Oriented Customers,1454.76,1484.47
53,886,0.152,15.2,1,Price-Sensitive Customers,751.328,744.44
54,1099,0.214,21.4,2,Value-Oriented Customers,863.8140000000001,850.77
55,814,0.052,5.2,1,Price-Sensitive Customers,771.6719999999999,808.04
56,512,0.203,20.3,1,Price-Sensitive Customers,408.06399999999996,356.39
57,740,0.066,6.6,1,Price-Sensitive Customers,691.16,726.34
58,1275,0.058,5.8,0,Premium Customers,1201.05,1199.62
59,1868,0.058,5.8,0,Premium Customers,1759.656,1713.05
60,1063,0.207,20.7,2,Value-Oriented Customers,842.9590000000001,828.42
61,1396,0.173,17.3,2,Value-Oriented Customers,1154.492,1159.55
62,1862,0.14,14.0,0,Premium Customers,1601.32,1604.58
63,590,0.103,10.3,1,Price-Sensitive Customers,529.23,549.87
64,1889,0.222,22.2,2,Value-Oriented Customers,1469.642,1524.69
65,1454,0.11,11.0,0,Premium Customers,1294.06,1289.11
66,1977,0.208,20.8,2,Value-Oriented Customers,1565.784,1618.51
67,1950,0.121,12.1,0,Premium Customers,1714.05,1704.7
68,1007,0.107,10.7,1,Price-Sensitive Customers,899.251,905.87
69,1274,0.126,12.6,0,Premium Customers,1113.4759999999999,1113.12
70,533,0.089,8.9,1,Price-Sensitive Customers,485.56300000000005,518.15
71,704,0.192,19.2,1,Price-Sensitive Customers,568.832,536.48
72,1603,0.136,13.6,0,Premium Customers,1384.992,1385.38
73,1910,0.073,7.3,0,Premium Customers,1770.5700000000002,1730.53
74,1524,0.227,22.7,2,Value-Oriented Customers,1178.0520000000001,1202.37
75,1520,0.108,10.8,0,Premium Customers,1355.84,1348.78
76,1912,0.145,14.5,2,Value-Oriented Customers,1634.76,1641.58
77,1064,0.228,22.8,2,Value-Oriented Customers,821.408,802.83
78,1628,0.164,16.4,2,Value-Oriented Customers,1361.008,1371.76
79,1999,0.047,4.7,0,Premium Customers,1905.047,1840.33
80,1201,0.236,23.6,2,Value-Oriented Customers,917.564,911.37
81,900,0.164,16.4,1,Price-Sensitive Customers,752.4,741.44
82,1228,0.097,9.7,0,Premium Customers,1108.884,1109.81
83,660,0.052,5.2,1,Price-Sensitive Customers,625.68,674.71
84,700,0.203,20.3,1,Price-Sensitive Customers,557.9,519.16
85,1494,0.163,16.3,2,Value-Oriented Customers,1250.4779999999998,1257.0
86,768,0.143,14.3,1,Price-Sensitive Customers,658.1759999999999,653.6
87,1314,0.226,22.6,2,Value-Oriented Customers,1017.0360000000001,1021.81
88,1793,0.201,20.1,2,Value-Oriented Customers,1432.607,1468.02
89,954,0.055,5.5,1,Price-Sensitive Customers,901.53,925.48
90,1984,0.092,9.2,0,Premium Customers,1801.472,1770.67
91,1774,0.077,7.7,0,Premium Customers,1637.402,1607.74
92,1515,0.191,19.1,2,Value-Oriented Customers,1225.635,1239.91
93,794,0.028,2.8,1,Price-Sensitive Customers,771.768,820.95
94,1218,0.151,15.1,2,Value-Oriented Customers,1034.0819999999999,1033.15
95,836,0.195,19.5,1,Price-Sensitive Customers,672.9799999999999,646.99
96,1377,0.222,22.2,2,Value-Oriented Customers,1071.306,1081.39
97,1575,0.099,9.9,0,Premium Customers,1419.075,1407.73
98,1290,0.209,20.9,2,Value-Oriented Customers,1020.3900000000001,1022.44
99,715,0.045,4.5,1,Price-Sensitive Customers,682.8249999999999,731.14
100,1262,0.215,21.5,2,Value-Oriented Customers,990.6700000000001,990.64
101,686,0.049,4.9,1,Price-Sensitive Customers,652.386,701.0
102,878,0.111,11.1,1,Price-Sensitive Customers,780.542,789.15
103,991,0.203,20.3,2,Value-Oriented Customers,789.8269999999999,771.11
104,1563,0.054,5.4,0,Premium Customers,1478.598,1454.02
105,1679,0.073,7.3,0,Premium Customers,1556.433,1530.52
106,513,0.186,18.6,1,Price-Sensitive Customers,417.58200000000005,378.67
107,563,0.186,18.6,1,Price-Sensitive Customers,458.28200000000004,421.96
108,1019,0.167,16.7,1,Price-Sensitive Customers,848.827,840.7
109,1866,0.18,18.0,2,Value-Oriented Customers,1530.1200000000001,1557.67
110,1651,0.145,14.5,2,Value-Oriented Customers,1411.605,1415.6
111,1146,0.078,7.8,0,Premium Customers,1056.612,1062.75
112,1994,0.1,10.0,0,Premium Customers,1794.6000000000001,1769.25
113,1585,0.062,6.2,0,Premium Customers,1486.73,1462.99
114,1661,0.229,22.9,2,Value-Oriented Customers,1280.631,1318.46
115,1091,0.154,15.4,1,Price-Sensitive Customers,922.986,919.41
116,890,0.112,11.2,1,Price-Sensitive Customers,790.32,798.28
117,917,0.126,12.6,1,Price-Sensitive Customers,801.458,804.02
118,787,0.238,23.8,1,Price-Sensitive Customers,599.694,550.41
119,877,0.055,5.5,1,Price-Sensitive Customers,828.765,858.81
120,729,0.155,15.5,1,Price-Sensitive Customers,616.005,604.72
121,1516,0.136,13.6,0,Premium Customers,1309.824,1310.05
122,539,0.161,16.1,1,Price-Sensitive Customers,452.221,432.66
123,1550,0.024,2.4,0,Premium Customers,1512.8,1480.54
124,633,0.221,22.1,1,Price-Sensitive Customers,493.107,438.48
125,699,0.234,23.4,1,Price-Sensitive Customers,535.434,479.25
126,1278,0.15,15.0,2,Value-Oriented Customers,1086.3,1086.35
127,1428,0.18,18.0,2,Value-Oriented Customers,1170.96,1178.44
128,1555,0.232,23.2,2,Value-Oriented Customers,1194.24,1222.91
129,1570,0.183,18.3,2,Value-Oriented Customers,1282.6899999999998,1297.61
130,1001,0.055,5.5,1,Price-Sensitive Customers,945.9449999999999,966.17
131,905,0.153,15.3,1,Price-Sensitive Customers,766.535,759.63
132,1303,0.16,16.0,2,Value-Oriented Customers,1094.52,1095.4
133,597,0.118,11.8,1,Price-Sensitive Customers,526.554,537.04
134,1182,0.189,18.9,2,Value-Oriented Customers,958.602,954.12
135,1224,0.235,23.5,2,Value-Oriented Customers,936.36,932.55
136,1459,0.233,23.3,2,Value-Oriented Customers,1119.053,1138.53
137,1111,0.124,12.4,1,Price-Sensitive Customers,973.236,974.51
138,1984,0.046,4.6,0,Premium Customers,1892.7359999999999,1828.6
139,1141,0.247,24.7,2,Value-Oriented Customers,859.173,845.57
140,1527,0.213,21.3,2,Value-Oriented Customers,1201.749,1222.6
141,1740,0.049,4.9,0,Premium Customers,1654.74,1613.56
142,1001,0.232,23.2,2,Value-Oriented Customers,768.768,743.25
143,1265,0.22,22.0,2,Value-Oriented Customers,986.7,986.94
144,896,0.139,13.9,1,Price-Sensitive Customers,771.456,769.47
145,1369,0.156,15.6,2,Value-Oriented Customers,1155.436,1157.59
146,1293,0.112,11.2,0,Premium Customers,1148.184,1147.2
147,891,0.033,3.3,1,Price-Sensitive Customers,861.597,898.64
148,705,0.097,9.7,1,Price-Sensitive Customers,636.615,656.99
149,1537,0.205,20.5,2,Value-Oriented Customers,1221.915,1241.33
150,1390,0.021,2.1,0,Premium Customers,1360.81,1345.79
151,1983,0.097,9.7,0,Premium Customers,1790.6490000000001,1763.5
152,1362,0.112,11.2,0,Premium Customers,1209.456,1206.94
153,1241,0.144,14.4,2,Value-Oriented Customers,1062.296,1061.88
154,1763,0.232,23.2,2,Value-Oriented Customers,1353.984,1403.0
155,1062,0.1,10.0,1,Price-Sensitive Customers,955.8000000000001,962.31
156,1519,0.1,10.0,0,Premium Customers,1367.1000000000001,1357.99
157,594,0.19,19.0,1,Price-Sensitive Customers,481.14000000000004,443.76
158,983,0.124,12.4,1,Price-Sensitive Customers,861.108,863.68
159,1929,0.072,7.2,0,Premium Customers,1790.112,1748.24
160,729,0.124,12.4,1,Price-Sensitive Customers,638.604,643.77
161,1247,0.052,5.2,0,Premium Customers,1182.156,1182.94
162,1693,0.061,6.1,0,Premium Customers,1589.727,1557.76
163,1039,0.135,13.5,1,Price-Sensitive Customers,898.735,898.32
164,1558,0.116,11.6,0,Premium Customers,1377.272,1371.6
165,1023,0.23,23.0,2,Value-Oriented Customers,787.71,764.82
166,1682,0.103,10.3,0,Premium Customers,1508.7540000000001,1495.34
167,1765,0.154,15.4,2,Value-Oriented Customers,1493.19,1502.97
168,1608,0.165,16.5,2,Value-Oriented Customers,1342.6799999999998,1353.18
169,1076,0.023,2.3,0,Premium Customers,1051.252,1071.41
170,1180,0.173,17.3,2,Value-Oriented Customers,975.8599999999999,972.54
171,1055,0.061,6.1,1,Price-Sensitive Customers,990.6450000000001,1005.37
172,1511,0.241,24.1,2,Value-Oriented Customers,1146.849,1173.48
173,1144,0.054,5.4,0,Premium Customers,1082.224,1091.24
174,1294,0.115,11.5,0,Premium Customers,1145.19,1144.29
175,1550,0.04,4.0,0,Premium Customers,1488.0,1460.39
176,1862,0.249,24.9,2,Value-Oriented Customers,1398.362,1467.3
177,1853,0.136,13.6,0,Premium Customers,1600.992,1601.83
178,1870,0.157,15.7,2,Value-Oriented Customers,1576.4099999999999,1590.1
179,1995,0.035,3.5,0,Premium Customers,1925.175,1851.98
180,1753,0.192,19.2,2,Value-Oriented Customers,1416.424,1444.72
181,688,0.068,6.8,1,Price-Sensitive Customers,641.216,678.8
182,1747,0.227,22.7,2,Value-Oriented Customers,1350.431,1395.44
183,1907,0.067,6.7,0,Premium Customers,1779.231,1735.48
184,1899,0.064,6.4,0,Premium Customers,1777.464,1732.34
185,1805,0.028,2.8,0,Premium Customers,1754.46,1696.29
186,1131,0.129,12.9,1,Price-Sensitive Customers,985.101,985.53
187,1126,0.15,15.0,1,Price-Sensitive Customers,957.1,954.75
188,1471,0.035,3.5,0,Premium Customers,1419.5149999999999,1398.29
189,1781,0.198,19.8,2,Value-Oriented Customers,1428.362,1461.41
190,1881,0.124,12.4,0,Premium Customers,1647.756,1641.19
191,1208,0.141,14.1,1,Price-Sensitive Customers,1037.672,1037.08
192,1978,0.121,12.1,0,Premium Customers,1738.662,1728.95
193,1933,0.112,11.2,0,Premium Customers,1716.5040000000001,1701.32
194,1147,0.149,14.9,1,Price-Sensitive Customers,976.097,974.19
195,816,0.056,5.6,1,Price-Sensitive Customers,770.304,804.74
196,1747,0.062,6.2,0,Premium Customers,1638.686,1603.25
197,1756,0.218,21.8,2,Value-Oriented Customers,1373.192,1414.57
198,1182,0.238,23.8,2,Value-Oriented Customers,900.684,892.41
199,1162,0.106,10.6,1,Price-Sensitive Customers,1038.828,1041.33
200,1896,0.082,8.2,0,Premium Customers,1740.528,1707.07
201,1994,0.168,16.8,2,Value-Oriented Customers,1659.0079999999998,1683.61
202,1755,0.114,11.4,0,Premium Customers,1554.93,1544.69
203,1635,0.026,2.6,0,Premium Customers,1592.49,1551.62
204,940,0.056,5.6,1,Price-Sensitive Customers,887.3599999999999,912.1
205,1062,0.185,18.5,2,Value-Oriented Customers,865.53,855.26
206,1790,0.172,17.2,2,Value-Oriented Customers,1482.1200000000001,1501.94
207,1908,0.026,2.6,0,Premium Customers,1858.392,1787.99
208,1909,0.071,7.1,0,Premium Customers,1773.461,1732.18
209,1635,0.073,7.3,0,Premium Customers,1515.645,1492.43
210,1450,0.175,17.5,2,Value-Oriented Customers,1196.25,1203.79
211,1603,0.025,2.5,0,Premium Customers,1562.925,1525.17
212,1197,0.044,4.4,0,Premium Customers,1144.3319999999999,1149.72
213,611,0.204,20.4,1,Price-Sensitive Customers,486.35600000000005,440.85
214,500,0.061,6.1,1,Price-Sensitive Customers,469.5,524.84
215,1140,0.17,17.0,2,Value-Oriented Customers,946.1999999999999,941.68
216,718,0.075,7.5,1,Price-Sensitive Customers,664.15,695.96
217,1353,0.043,4.3,0,Premium Customers,1294.821,1286.05
218,1747,0.076,7.6,0,Premium Customers,1614.228,1585.62
219,883,0.186,18.6,1,Price-Sensitive Customers,718.7620000000001,699.02
220,1925,0.217,21.7,2,Value-Oriented Customers,1507.275,1562.15
221,1652,0.211,21.1,2,Value-Oriented Customers,1303.428,1333.34
222,1575,0.111,11.1,0,Premium Customers,1400.175,1392.62
223,1228,0.174,17.4,2,Value-Oriented Customers,1014.3280000000001,1012.84
224,1938,0.067,6.7,0,Premium Customers,1808.154,1762.32
225,745,0.087,8.7,1,Price-Sensitive Customers,680.1850000000001,704.22
226,1334,0.226,22.6,2,Value-Oriented Customers,1032.516,1039.12
227,1961,0.023,2.3,0,Premium Customers,1915.897,1837.65
228,701,0.04,4.0,1,Price-Sensitive Customers,672.9599999999999,725.32
229,1706,0.068,6.8,0,Premium Customers,1589.992,1560.2
230,621,0.026,2.6,1,Price-Sensitive Customers,604.854,673.68
231,899,0.062,6.2,1,Price-Sensitive Customers,843.262,869.04
232,1265,0.154,15.4,2,Value-Oriented Customers,1070.19,1070.06
233,792,0.117,11.7,1,Price-Sensitive Customers,699.336,707.13
234,778,0.225,22.5,1,Price-Sensitive Customers,602.95,558.99
235,1382,0.208,20.8,2,Value-Oriented Customers,1094.544,1103.35
236,696,0.099,9.9,1,Price-Sensitive Customers,627.096,646.68
237,1480,0.08,8.0,0,Premium Customers,1361.6000000000001,1349.41
238,1250,0.107,10.7,0,Premium Customers,1116.25,1116.27
239,642,0.156,15.6,1,Price-Sensitive Customers,541.848,528.14
240,1107,0.082,8.2,1,Price-Sensitive Customers,1016.226,1023.94
241,1723,0.164,16.4,2,Value-Oriented Customers,1440.4279999999999,1454.01
242,1646,0.114,11.4,0,Premium Customers,1458.356,1450.31
243,685,0.147,14.7,1,Price-Sensitive Customers,584.305,576.7
244,1848,0.12,12.0,0,Premium Customers,1626.24,1617.65
245,962,0.088,8.8,1,Price-Sensitive Customers,877.344,890.84
246,1871,0.238,23.8,2,Value-Oriented Customers,1425.702,1488.95
247,1158,0.196,19.6,2,Value-Oriented Customers,931.032,924.52
248,1262,0.052,5.2,0,Premium Customers,1196.376,1195.93
249,1453,0.22,22.0,2,Value-Oriented Customers,1133.3400000000001,1149.71
250,901,0.132,13.2,1,Price-Sensitive Customers,782.068,782.61
251,1868,0.226,22.6,2,Value-Oriented Customers,1445.832,1501.47
252,645,0.204,20.4,1,Price-Sensitive Customers,513.4200000000001,470.28
253,1670,0.118,11.8,0,Premium Customers,1472.94,1466.05
254,1362,0.025,2.5,0,Premium Customers,1327.95,1316.51
255,987,0.082,8.2,1,Price-Sensitive Customers,906.066,920.04
256,1427,0.145,14.5,2,Value-Oriented Customers,1220.085,1221.66
257,1049,0.166,16.6,1,Price-Sensitive Customers,874.866,867.93
258,836,0.079,7.9,1,Price-Sensitive Customers,769.956,793.08
259,1370,0.052,5.2,0,Premium Customers,1298.76,1289.43
260,1139,0.212,21.2,2,Value-Oriented Customers,897.532,887.92
261,971,0.246,24.6,2,Value-Oriented Customers,732.134,699.64
262,649,0.141,14.1,1,Price-Sensitive Customers,557.491,553.09
263,1937,0.059,5.9,0,Premium Customers,1822.717,1771.53
264,1820,0.083,8.3,0,Premium Customers,1668.94,1640.01
265,761,0.024,2.4,1,Price-Sensitive Customers,742.736,797.42
266,642,0.23,23.0,1,Price-Sensitive Customers,494.34000000000003,434.94
267,844,0.047,4.7,1,Price-Sensitive Customers,804.332,840.31
268,1122,0.153,15.3,1,Price-Sensitive Customers,950.334,947.51
269,1515,0.083,8.3,0,Premium Customers,1389.255,1375.93
270,1379,0.147,14.7,2,Value-Oriented Customers,1176.287,1177.58
271,500,0.17,17.0,1,Price-Sensitive Customers,415.0,387.56
272,1395,0.211,21.1,2,Value-Oriented Customers,1100.655,1110.83
273,1826,0.067,6.7,0,Premium Customers,1703.6580000000001,1665.35
274,752,0.023,2.3,1,Price-Sensitive Customers,734.704,790.88
275,951,0.051,5.1,1,Price-Sensitive Customers,902.4989999999999,927.92
276,1559,0.227,22.7,2,Value-Oriented Customers,1205.107,1232.67
277,1682,0.221,22.1,2,Value-Oriented Customers,1310.278,1346.72
278,1513,0.157,15.7,2,Value-Oriented Customers,1275.459,1281.0
279,507,0.158,15.8,1,Price-Sensitive Customers,426.894,408.74
280,1755,0.173,17.3,2,Value-Oriented Customers,1451.385,1470.38
281,1621,0.06,6.0,0,Premium Customers,1523.74,1496.68
282,1314,0.23,23.0,2,Value-Oriented Customers,1011.78,1016.77
283,706,0.116,11.6,1,Price-Sensitive Customers,624.104,633.93
284,1653,0.108,10.8,0,Premium Customers,1474.476,1463.93
285,902,0.139,13.9,1,Price-Sensitive Customers,776.622,774.66
286,650,0.031,3.1,1,Price-Sensitive Customers,629.85,692.5
287,552,0.058,5.8,1,Price-Sensitive Customers,519.9839999999999,573.64
288,1642,0.19,19.0,2,Value-Oriented Customers,1330.02,1351.13
289,1126,0.039,3.9,0,Premium Customers,1082.086,1094.55
290,1085,0.159,15.9,1,Price-Sensitive Customers,912.485,907.92
291,1942,0.076,7.6,0,Premium Customers,1794.4080000000001,1754.45
292,1944,0.11,11.0,0,Premium Customers,1730.16,1713.36
293,602,0.086,8.6,1,Price-Sensitive Customers,550.2280000000001,581.67
294,752,0.102,10.2,1,Price-Sensitive Customers,675.296,691.39
295,1749,0.185,18.5,2,Value-Oriented Customers,1425.435,1450.07
296,1634,0.088,8.8,0,Premium Customers,1490.208,1472.67
297,1008,0.15,15.0,1,Price-Sensitive Customers,856.8,852.58
298,1995,0.129,12.9,0,Premium Customers,1737.645,1733.59
299,597,0.173,17.3,1,Price-Sensitive Customers,493.719,467.77
300,651,0.235,23.5,1,Price-Sensitive Customers,498.015,436.44
301,1412,0.188,18.8,2,Value-Oriented Customers,1146.544,1154.51
302,1376,0.069,6.9,0,Premium Customers,1281.056,1273.22
303,836,0.027,2.7,1,Price-Sensitive Customers,813.428,858.58
304,1320,0.08,8.0,0,Premium Customers,1214.4,1210.88
305,1685,0.157,15.7,2,Value-Oriented Customers,1420.455,1429.92
306,1455,0.032,3.2,0,Premium Customers,1408.44,1388.22
307,659,0.134,13.4,1,Price-Sensitive Customers,570.694,570.57
308,1299,0.157,15.7,2,Value-Oriented Customers,1095.057,1095.72
309,896,0.097,9.7,1,Price-Sensitive Customers,809.088,822.36
310,1799,0.197,19.7,2,Value-Oriented Customers,1444.597,1478.25
311,1314,0.045,4.5,0,Premium Customers,1254.87,1249.76
312,1914,0.037,3.7,0,Premium Customers,1843.182,1779.33
313,1657,0.187,18.7,2,Value-Oriented Customers,1347.1409999999998,1367.9
314,1717,0.134,13.4,0,Premium Customers,1486.922,1486.6
315,899,0.178,17.8,1,Price-Sensitive Customers,738.9780000000001,722.95
316,1138,0.12,12.0,1,Price-Sensitive Customers,1001.44,1002.92
317,1555,0.077,7.7,0,Premium Customers,1435.265,1418.12
318,1186,0.208,20.8,2,Value-Oriented Customers,939.312,933.65
319,958,0.204,20.4,1,Price-Sensitive Customers,762.568,741.28
320,1453,0.18,18.0,2,Value-Oriented Customers,1191.46,1200.09
321,968,0.083,8.3,1,Price-Sensitive Customers,887.6560000000001,902.33
322,1897,0.156,15.6,2,Value-Oriented Customers,1601.068,1614.74
323,1544,0.103,10.3,0,Premium Customers,1384.968,1375.85
324,1248,0.041,4.1,0,Premium Customers,1196.8319999999999,1197.66
325,536,0.231,23.1,1,Price-Sensitive Customers,412.184,341.91
326,728,0.051,5.1,1,Price-Sensitive Customers,690.872,734.84
327,1887,0.239,23.9,2,Value-Oriented Customers,1436.007,1501.54
328,1061,0.123,12.3,1,Price-Sensitive Customers,930.497,932.48
329,936,0.063,6.3,1,Price-Sensitive Customers,877.032,899.82
330,1805,0.145,14.5,2,Value-Oriented Customers,1543.2749999999999,1548.94
331,525,0.221,22.1,1,Price-Sensitive Customers,408.975,344.98
332,724,0.188,18.8,1,Price-Sensitive Customers,587.888,558.83
333,1799,0.206,20.6,2,Value-Oriented Customers,1428.4060000000002,1466.91
334,1296,0.172,17.2,2,Value-Oriented Customers,1073.0880000000002,1074.23
335,782,0.179,17.9,1,Price-Sensitive Customers,642.0219999999999,620.39
336,1377,0.215,21.5,2,Value-Oriented Customers,1080.945,1090.21
337,1458,0.077,7.7,0,Premium Customers,1345.7340000000002,1334.14
338,951,0.133,13.3,1,Price-Sensitive Customers,824.5169999999999,824.64
339,1518,0.071,7.1,0,Premium Customers,1410.222,1393.64
340,1314,0.247,24.7,2,Value-Oriented Customers,989.442,995.36
341,1157,0.237,23.7,2,Value-Oriented Customers,882.791,872.02
342,1045,0.029,2.9,0,Premium Customers,1014.6949999999999,1037.01
343,1714,0.182,18.2,2,Value-Oriented Customers,1402.0520000000001,1423.55
344,1571,0.233,23.3,2,Value-Oriented Customers,1204.957,1235.5
345,515,0.062,6.2,1,Price-Sensitive Customers,483.07,536.57
346,1694,0.151,15.1,2,Value-Oriented Customers,1438.206,1445.27
347,1742,0.231,23.1,2,Value-Oriented Customers,1339.598,1386.08
348,656,0.028,2.8,1,Price-Sensitive Customers,637.632,701.47
349,975,0.18,18.0,1,Price-Sensitive Customers,799.5000000000001,786.23
350,1568,0.088,8.8,0,Premium Customers,1430.016,1415.53
351,1895,0.233,23.3,2,Value-Oriented Customers,1453.465,1516.03
352,1016,0.243,24.3,2,Value-Oriented Customers,769.112,742.38
353,597,0.237,23.7,1,Price-Sensitive Customers,455.511,387.16
354,1559,0.129,12.9,0,Premium Customers,1357.889,1356.1
355,778,0.218,21.8,1,Price-Sensitive Customers,608.3960000000001,567.81
356,1871,0.214,21.4,2,Value-Oriented Customers,1470.606,1519.18
357,995,0.093,9.3,1,Price-Sensitive Customers,902.465,913.12
358,800,0.211,21.1,1,Price-Sensitive Customers,631.2,595.67
359,679,0.029,2.9,1,Price-Sensitive Customers,659.309,720.12
360,1105,0.157,15.7,1,Price-Sensitive Customers,931.515,927.75
361,1621,0.073,7.3,0,Premium Customers,1502.6670000000001,1480.3
362,1198,0.048,4.8,0,Premium Customers,1140.4959999999999,1145.55
363,1491,0.038,3.8,0,Premium Customers,1434.3419999999999,1411.83
364,1638,0.18,18.0,2,Value-Oriented Customers,1343.16,1360.26
365,689,0.098,9.8,1,Price-Sensitive Customers,621.4780000000001,641.88
366,751,0.187,18.7,1,Price-Sensitive Customers,610.563,583.47
367,1479,0.035,3.5,0,Premium Customers,1427.235,1405.22
368,1426,0.093,9.3,0,Premium Customers,1293.382,1286.28
369,1683,0.144,14.4,2,Value-Oriented Customers,1440.648,1444.57
370,1778,0.202,20.2,2,Value-Oriented Customers,1418.844,1453.77
371,1845,0.093,9.3,0,Premium Customers,1673.415,1649.06
372,626,0.164,16.4,1,Price-Sensitive Customers,523.336,504.21
373,516,0.224,22.4,1,Price-Sensitive Customers,400.416,333.41
374,1064,0.162,16.2,1,Price-Sensitive Customers,891.632,885.96
375,1068,0.074,7.4,1,Price-Sensitive Customers,988.9680000000001,1000.25
376,1845,0.026,2.6,0,Premium Customers,1797.03,1733.44
377,1184,0.22,22.0,2,Value-Oriented Customers,923.52,916.81
378,1124,0.025,2.5,0,Premium Customers,1095.8999999999999,1110.45
379,1810,0.221,22.1,2,Value-Oriented Customers,1409.99,1457.55
380,1352,0.142,14.2,2,Value-Oriented Customers,1160.016,1160.5
381,1460,0.236,23.6,2,Value-Oriented Customers,1115.44,1135.62
382,653,0.204,20.4,1,Price-Sensitive Customers,519.788,477.21
383,988,0.25,25.0,2,Value-Oriented Customers,741.0,709.32
384,1908,0.101,10.1,0,Premium Customers,1715.2920000000001,1693.53
385,1283,0.196,19.6,2,Value-Oriented Customers,1031.5320000000002,1032.75
386,1626,0.112,11.2,0,Premium Customers,1443.888,1435.52
387,1915,0.13,13.0,0,Premium Customers,1666.05,1663.07
388,744,0.164,16.4,1,Price-Sensitive Customers,621.9839999999999,606.38
389,1698,0.221,22.1,2,Value-Oriented Customers,1322.742,1360.58
390,1561,0.246,24.6,2,Value-Oriented Customers,1176.994,1210.47
391,1999,0.197,19.7,2,Value-Oriented Customers,1605.197,1651.41
392,1257,0.116,11.6,0,Premium Customers,1111.188,1110.99
393,1036,0.117,11.7,1,Price-Sensitive Customers,914.788,918.39
394,1419,0.19,19.0,2,Value-Oriented Customers,1149.39,1158.06
395,906,0.075,7.5,1,Price-Sensitive Customers,838.0500000000001,858.73
396,1023,0.045,4.5,0,Premium Customers,976.9649999999999,997.81
397,1326,0.102,10.2,0,Premium Customers,1190.748,1188.37
398,1401,0.086,8.6,0,Premium Customers,1280.5140000000001,1273.45
399,534,0.088,8.8,1,Price-Sensitive Customers,487.00800000000004,520.27
400,1183,0.074,7.4,0,Premium Customers,1095.458,1099.82
401,518,0.03,3.0,1,Price-Sensitive Customers,502.46,579.47
402,819,0.024,2.4,1,Price-Sensitive Customers,799.3439999999999,847.63
403,1010,0.247,24.7,2,Value-Oriented Customers,760.53,732.15
404,898,0.118,11.8,1,Price-Sensitive Customers,792.0360000000001,797.65
405,1152,0.108,10.8,1,Price-Sensitive Customers,1027.584,1030.16
406,1470,0.176,17.6,2,Value-Oriented Customers,1211.2800000000002,1219.84
407,969,0.07,7.0,1,Price-Sensitive Customers,901.17,919.57
408,1665,0.238,23.8,2,Value-Oriented Customers,1268.73,1310.59
409,1614,0.201,20.1,2,Value-Oriented Customers,1289.5859999999998,1313.04
410,1876,0.041,4.1,0,Premium Customers,1799.0839999999998,1741.39
411,1332,0.116,11.6,0,Premium Customers,1177.488,1175.93
412,1225,0.222,22.2,2,Value-Oriented Customers,953.0500000000001,949.79
413,1352,0.237,23.7,2,Value-Oriented Customers,1031.576,1040.85
414,549,0.128,12.8,1,Price-Sensitive Customers,478.728,482.88
415,1073,0.161,16.1,1,Price-Sensitive Customers,900.247,895.01
416,1712,0.058,5.8,0,Premium Customers,1612.704,1577.99
417,1647,0.248,24.8,2,Value-Oriented Customers,1238.544,1282.41
418,648,0.073,7.3,1,Price-Sensitive Customers,600.696,637.87
419,812,0.237,23.7,1,Price-Sensitive Customers,619.556,573.31
420,1068,0.169,16.9,1,Price-Sensitive Customers,887.5079999999999,880.6
421,1864,0.16,16.0,2,Value-Oriented Customers,1565.76,1581.13
422,803,0.138,13.8,1,Price-Sensitive Customers,692.186,690.21
423,1180,0.073,7.3,0,Premium Customers,1093.8600000000001,1098.48
424,1336,0.061,6.1,0,Premium Customers,1254.5040000000001,1248.66
425,1576,0.071,7.1,0,Premium Customers,1464.104,1443.86
426,1501,0.063,6.3,0,Premium Customers,1406.4370000000001,1389.0
427,942,0.199,19.9,1,Price-Sensitive Customers,754.5419999999999,733.73
428,1111,0.101,10.1,1,Price-Sensitive Customers,998.789,1003.48
429,1491,0.033,3.3,0,Premium Customers,1441.797,1418.13
430,762,0.243,24.3,1,Price-Sensitive Customers,576.8340000000001,522.47
431,1575,0.223,22.3,2,Value-Oriented Customers,1223.775,1251.56
432,1502,0.233,23.3,2,Value-Oriented Customers,1152.034,1175.76
433,503,0.249,24.9,1,Price-Sensitive Customers,377.753,290.66
434,1625,0.06,6.0,0,Premium Customers,1527.5,1500.14
435,1718,0.111,11.1,0,Premium Customers,1527.3020000000001,1516.43
436,1272,0.194,19.4,2,Value-Oriented Customers,1025.232,1025.74
437,1375,0.18,18.0,2,Value-Oriented Customers,1127.5,1132.55
438,1490,0.055,5.5,0,Premium Customers,1408.05,1389.55
439,1382,0.208,20.8,2,Value-Oriented Customers,1094.544,1103.35
440,1872,0.072,7.2,0,Premium Customers,1737.2160000000001,1698.88
441,545,0.071,7.1,1,Price-Sensitive Customers,506.305,551.21
442,1365,0.144,14.4,2,Value-Oriented Customers,1168.44,1169.24
443,1321,0.156,15.6,2,Value-Oriented Customers,1114.924,1116.03
444,1434,0.153,15.3,2,Value-Oriented Customers,1214.598,1217.64
445,1154,0.041,4.1,0,Premium Customers,1106.686,1116.27
446,767,0.222,22.2,1,Price-Sensitive Customers,596.726,553.24
447,868,0.081,8.1,1,Price-Sensitive Customers,797.692,818.27
448,1134,0.05,5.0,0,Premium Customers,1077.3,1087.62
449,1628,0.224,22.4,2,Value-Oriented Customers,1263.328,1296.19
450,1155,0.24,24.0,2,Value-Oriented Customers,877.8,866.51
451,618,0.218,21.8,1,Price-Sensitive Customers,483.276,429.27
452,1329,0.206,20.6,2,Value-Oriented Customers,1055.226,1059.98
453,1580,0.171,17.1,2,Value-Oriented Customers,1309.82,1321.38
454,1868,0.147,14.7,2,Value-Oriented Customers,1593.404,1600.96
455,1239,0.04,4.0,0,Premium Customers,1189.44,1191.13
456,1996,0.114,11.4,0,Premium Customers,1768.4560000000001,1753.35
457,615,0.106,10.6,1,Price-Sensitive Customers,549.8100000000001,567.73
458,1289,0.08,8.0,0,Premium Customers,1185.88,1184.04
459,1649,0.186,18.6,2,Value-Oriented Customers,1342.286,1362.23
460,1915,0.134,13.4,0,Premium Customers,1658.3899999999999,1658.03
461,1511,0.039,3.9,0,Premium Customers,1452.071,1427.89
462,1580,0.071,7.1,0,Premium Customers,1467.8200000000002,1447.33
463,1132,0.177,17.7,2,Value-Oriented Customers,931.636,925.94
464,1011,0.038,3.8,0,Premium Customers,972.582,996.24
465,1300,0.216,21.6,2,Value-Oriented Customers,1019.2,1022.28
466,1618,0.134,13.4,0,Premium Customers,1401.1879999999999,1400.88
467,1640,0.131,13.1,0,Premium Customers,1425.16,1423.71
468,1058,0.156,15.6,1,Price-Sensitive Customers,892.952,888.32
469,986,0.21,21.0,2,Value-Oriented Customers,778.94,757.97
470,1759,0.1,10.0,0,Premium Customers,1583.1000000000001,1565.78
471,1395,0.176,17.6,2,Value-Oriented Customers,1149.48,1154.91
472,1794,0.15,15.0,2,Value-Oriented Customers,1524.8999999999999,1533.11
473,1711,0.081,8.1,0,Premium Customers,1572.409,1548.15
474,1202,0.222,22.2,2,Value-Oriented Customers,935.1560000000001,929.87
475,1969,0.203,20.3,2,Value-Oriented Customers,1569.293,1617.88
476,1079,0.171,17.1,1,Price-Sensitive Customers,894.491,887.61
477,1288,0.216,21.6,2,Value-Oriented Customers,1009.792,1011.89
478,1359,0.219,21.9,2,Value-Oriented Customers,1061.3790000000001,1069.58
479,745,0.183,18.3,1,Price-Sensitive Customers,608.665,583.31
480,1598,0.213,21.3,2,Value-Oriented Customers,1257.626,1284.07
481,652,0.18,18.0,1,Price-Sensitive Customers,534.64,506.57
482,1957,0.176,17.6,2,Value-Oriented Customers,1612.5680000000002,1641.5
483,1495,0.162,16.2,2,Value-Oriented Customers,1252.81,1259.12
484,1608,0.193,19.3,2,Value-Oriented Customers,1297.656,1317.92
485,1195,0.056,5.6,0,Premium Customers,1128.08,1132.88
486,1807,0.223,22.3,2,Value-Oriented Customers,1404.039,1452.43
487,1742,0.221,22.1,2,Value-Oriented Customers,1357.018,1398.67
488,1591,0.027,2.7,0,Premium Customers,1548.043,1512.26
489,1569,0.21,21.0,2,Value-Oriented Customers,1239.51,1262.74
490,1507,0.05,5.0,0,Premium Customers,1431.6499999999999,1410.57
491,592,0.097,9.7,1,Price-Sensitive Customers,534.576,559.16
492,1456,0.191,19.1,2,Value-Oriented Customers,1177.904,1188.83
493,1510,0.057,5.7,0,Premium Customers,1423.9299999999998,1404.35
494,951,0.208,20.8,1,Price-Sensitive Customers,753.192,730.19
495,1726,0.211,21.1,2,Value-Oriented Customers,1361.814,1397.41
496,1410,0.137,13.7,2,Value-Oriented Customers,1216.83,1217.01
497,716,0.021,2.1,1,Price-Sensitive Customers,700.9639999999999,762.23
498,972,0.086,8.6,1,Price-Sensitive Customers,888.408,902.02
499,930,0.162,16.2,1,Price-Sensitive Customers,779.3399999999999,769.94
500,839,0.246,24.6,2,Value-Oriented Customers,632.606,585.36
501,1049,0.165,16.5,1,Price-Sensitive Customers,875.915,869.19
502,1811,0.08,8.0,0,Premium Customers,1666.1200000000001,1635.99
503,1776,0.166,16.6,2,Value-Oriented Customers,1481.184,1497.38
504,855,0.144,14.4,1,Price-Sensitive Customers,731.88,727.67
505,521,0.199,19.9,1,Price-Sensitive Customers,417.32099999999997,369.22
506,1020,0.045,4.5,0,Premium Customers,974.0999999999999,995.22
507,1622,0.195,19.5,2,Value-Oriented Customers,1305.7099999999998,1327.52
508,1300,0.144,14.4,2,Value-Oriented Customers,1112.8,1112.96
509,1702,0.241,24.1,2,Value-Oriented Customers,1291.818,1338.85
510,1745,0.099,9.9,0,Premium Customers,1572.2450000000001,1554.92
511,1260,0.166,16.6,2,Value-Oriented Customers,1050.84,1050.62
512,940,0.234,23.4,2,Value-Oriented Customers,720.04,687.92
513,1267,0.044,4.4,0,Premium Customers,1211.252,1210.33
514,1514,0.236,23.6,2,Value-Oriented Customers,1156.696,1182.37
515,1847,0.178,17.8,2,Value-Oriented Customers,1518.2340000000002,1543.74
516,1014,0.036,3.6,0,Premium Customers,977.496,1001.36
517,1538,0.089,8.9,0,Premium Customers,1401.118,1388.29
518,1290,0.183,18.3,2,Value-Oriented Customers,1053.9299999999998,1055.18
519,834,0.035,3.5,1,Price-Sensitive Customers,804.81,846.77
520,756,0.154,15.4,1,Price-Sensitive Customers,639.576,629.36
521,995,0.1,10.0,1,Price-Sensitive Customers,895.5,904.3
522,1394,0.163,16.3,2,Value-Oriented Customers,1166.778,1170.42
523,658,0.031,3.1,1,Price-Sensitive Customers,637.602,699.42
524,1997,0.22,22.0,2,Value-Oriented Customers,1557.66,1620.71
525,1350,0.244,24.4,2,Value-Oriented Customers,1020.6,1030.31
526,1188,0.243,24.3,2,Value-Oriented Customers,899.316,891.3
527,878,0.192,19.2,1,Price-Sensitive Customers,709.4240000000001,687.13
528,1455,0.05,5.0,0,Premium Customers,1382.25,1365.55
529,1189,0.194,19.4,2,Value-Oriented Customers,958.3340000000001,953.88
530,1949,0.026,2.6,0,Premium Customers,1898.326,1823.49
531,1790,0.025,2.5,0,Premium Customers,1745.25,1687.08
532,1939,0.094,9.4,0,Premium Customers,1756.7340000000002,1729.19
533,1690,0.132,13.2,0,Premium Customers,1466.92,1465.74
534,1565,0.197,19.7,2,Value-Oriented Customers,1256.695,1275.65
535,783,0.177,17.7,1,Price-Sensitive Customers,644.409,623.77
536,895,0.123,12.3,1,Price-Sensitive Customers,784.915,788.75
537,510,0.083,8.3,1,Price-Sensitive Customers,467.67,505.79
538,1824,0.249,24.9,2,Value-Oriented Customers,1369.824,1434.4
539,1775,0.118,11.8,0,Premium Customers,1565.55,1556.97
540,997,0.124,12.4,1,Price-Sensitive Customers,873.372,875.81
541,1252,0.058,5.8,0,Premium Customers,1179.384,1179.71
542,533,0.203,20.3,1,Price-Sensitive Customers,424.801,374.57
543,1225,0.18,18.0,2,Value-Oriented Customers,1004.5000000000001,1002.68
544,1347,0.071,7.1,0,Premium Customers,1251.363,1245.59
545,588,0.039,3.9,1,Price-Sensitive Customers,565.068,628.74
546,1274,0.177,17.7,2,Value-Oriented Customers,1048.502,1048.89
547,1103,0.171,17.1,1,Price-Sensitive Customers,914.387,908.39
548,1468,0.083,8.3,0,Premium Customers,1346.156,1335.24
549,1520,0.239,23.9,2,Value-Oriented Customers,1156.72,1183.79
550,916,0.055,5.5,1,Price-Sensitive Customers,865.62,892.58
551,613,0.119,11.9,1,Price-Sensitive Customers,540.053,549.63
552,1115,0.237,23.7,2,Value-Oriented Customers,850.745,835.65
553,1718,0.117,11.7,0,Premium Customers,1516.994,1508.87
554,1324,0.167,16.7,2,Value-Oriented Customers,1102.892,1104.77
555,1597,0.111,11.1,0,Premium Customers,1419.733,1411.67
556,911,0.083,8.3,1,Price-Sensitive Customers,835.3870000000001,852.98
557,1898,0.246,24.6,2,Value-Oriented Customers,1431.092,1502.25
558,1942,0.114,11.4,0,Premium Customers,1720.612,1706.59
559,1227,0.226,22.6,2,Value-Oriented Customers,949.698,946.48
560,1799,0.073,7.3,0,Premium Customers,1667.673,1634.42
561,1519,0.069,6.9,0,Premium Customers,1414.189,1397.03
562,1259,0.027,2.7,0,Premium Customers,1225.007,1224.81
563,1174,0.17,17.0,2,Value-Oriented Customers,974.42,971.12
564,1916,0.105,10.5,0,Premium Customers,1714.82,1695.42
565,955,0.219,21.9,2,Value-Oriented Customers,745.855,719.79
566,1418,0.129,12.9,0,Premium Customers,1235.078,1234.02
567,690,0.243,24.3,1,Price-Sensitive Customers,522.33,460.13
568,1237,0.063,6.3,0,Premium Customers,1159.069,1160.43
569,1621,0.22,22.0,2,Value-Oriented Customers,1264.38,1295.17
570,1476,0.199,19.9,2,Value-Oriented Customers,1182.2759999999998,1196.07
571,1507,0.197,19.7,2,Value-Oriented Customers,1210.1209999999999,1225.43
572,594,0.214,21.4,1,Price-Sensitive Customers,466.884,413.53
573,1161,0.195,19.5,2,Value-Oriented Customers,934.6049999999999,928.38
574,1712,0.164,16.4,2,Value-Oriented Customers,1431.232,1444.48
575,535,0.05,5.0,1,Price-Sensitive Customers,508.25,569.0
576,1891,0.027,2.7,0,Premium Customers,1839.943,1772.01
577,777,0.232,23.2,1,Price-Sensitive Customers,596.736,549.31
578,715,0.162,16.2,1,Price-Sensitive Customers,599.17,583.79
579,1365,0.203,20.3,2,Value-Oriented Customers,1087.905,1094.93
580,1371,0.131,13.1,0,Premium Customers,1191.399,1190.8
581,1795,0.047,4.7,0,Premium Customers,1710.635,1663.7
582,560,0.049,4.9,1,Price-Sensitive Customers,532.56,591.9
583,1094,0.178,17.8,2,Value-Oriented Customers,899.268,891.78
584,1227,0.119,11.9,0,Premium Customers,1080.987,1081.24
585,1864,0.066,6.6,0,Premium Customers,1740.9759999999999,1699.51
586,895,0.133,13.3,1,Price-Sensitive Customers,775.965,776.16
587,1197,0.035,3.5,0,Premium Customers,1155.105,1161.06
588,1541,0.154,15.4,2,Value-Oriented Customers,1303.686,1309.03
589,675,0.082,8.2,1,Price-Sensitive Customers,619.65,649.91
590,894,0.203,20.3,1,Price-Sensitive Customers,712.5179999999999,687.13
591,943,0.091,9.1,1,Price-Sensitive Customers,857.187,870.61
592,1755,0.125,12.5,0,Premium Customers,1535.625,1530.83
593,574,0.023,2.3,1,Price-Sensitive Customers,560.798,636.77
594,763,0.037,3.7,1,Price-Sensitive Customers,734.769,782.78
595,953,0.11,11.0,1,Price-Sensitive Customers,848.17,855.34
596,1216,0.13,13.0,1,Price-Sensitive Customers,1057.92,1057.86
597,1233,0.158,15.8,2,Value-Oriented Customers,1038.186,1037.32
598,1906,0.087,8.7,0,Premium Customers,1740.178,1709.43
599,1349,0.18,18.0,2,Value-Oriented Customers,1106.18,1110.04
600,1889,0.218,21.8,2,Value-Oriented Customers,1477.198,1529.72
601,642,0.199,19.9,1,Price-Sensitive Customers,514.242,473.98
602,1383,0.029,2.9,0,Premium Customers,1342.893,1329.66
603,1591,0.131,13.1,0,Premium Customers,1382.579,1381.28
604,1621,0.044,4.4,0,Premium Customers,1549.676,1516.83
605,894,0.076,7.6,1,Price-Sensitive Customers,826.056,847.08
606,1547,0.247,24.7,2,Value-Oriented Customers,1164.891,1197.09
607,1446,0.053,5.3,0,Premium Customers,1369.3619999999999,1353.98
608,1389,0.135,13.5,0,Premium Customers,1201.485,1201.35
609,1991,0.162,16.2,2,Value-Oriented Customers,1668.4579999999999,1688.57
610,1673,0.182,18.2,2,Value-Oriented Customers,1368.5140000000001,1388.05
611,1666,0.149,14.9,2,Value-Oriented Customers,1417.766,1423.55
612,1067,0.022,2.2,0,Premium Customers,1043.526,1064.88
613,1561,0.095,9.5,0,Premium Customers,1412.7050000000002,1400.65
614,607,0.139,13.9,1,Price-Sensitive Customers,522.627,519.25
615,1564,0.04,4.0,0,Premium Customers,1501.44,1472.51
616,1708,0.101,10.1,0,Premium Customers,1535.492,1520.37
617,1433,0.028,2.8,0,Premium Customers,1392.876,1374.21
618,896,0.038,3.8,1,Price-Sensitive Customers,861.952,896.67
619,1745,0.111,11.1,0,Premium Customers,1551.305,1539.81
620,1132,0.051,5.1,0,Premium Customers,1074.268,1084.63
621,1655,0.151,15.1,2,Value-Oriented Customers,1405.095,1411.51
622,1685,0.179,17.9,2,Value-Oriented Customers,1383.385,1402.22
623,1737,0.204,20.4,2,Value-Oriented Customers,1382.652,1415.75
624,1231,0.066,6.6,0,Premium Customers,1149.754,1151.45
625,733,0.059,5.9,1,Price-Sensitive Customers,689.753,729.09
626,1156,0.044,4.4,0,Premium Customers,1105.136,1114.23
627,1249,0.166,16.6,2,Value-Oriented Customers,1041.666,1041.09
628,1086,0.182,18.2,2,Value-Oriented Customers,888.3480000000001,879.82
629,1531,0.027,2.7,0,Premium Customers,1489.663,1460.32
630,1596,0.235,23.5,2,Value-Oriented Customers,1220.94,1254.63
631,1452,0.032,3.2,0,Premium Customers,1405.536,1385.62
632,990,0.144,14.4,1,Price-Sensitive Customers,847.4399999999999,844.56
633,1411,0.183,18.3,2,Value-Oriented Customers,1152.787,1159.95
634,1775,0.22,22.0,2,Value-Oriented Customers,1384.5,1428.5
635,1752,0.184,18.4,2,Value-Oriented Customers,1429.632,1453.93
636,1696,0.204,20.4,2,Value-Oriented Customers,1350.016,1380.25
637,1690,0.098,9.8,0,Premium Customers,1524.38,1508.56
638,668,0.207,20.7,1,Price-Sensitive Customers,529.724,486.42
639,1915,0.038,3.8,0,Premium Customers,1842.23,1778.93
640,1444,0.226,22.6,2,Value-Oriented Customers,1117.656,1134.36
641,1293,0.146,14.6,2,Value-Oriented Customers,1104.222,1104.38
642,1132,0.208,20.8,2,Value-Oriented Customers,896.5440000000001,886.9
643,1716,0.124,12.4,0,Premium Customers,1503.216,1498.33
644,527,0.168,16.8,1,Price-Sensitive Customers,438.464,413.46
645,1687,0.141,14.1,2,Value-Oriented Customers,1449.133,1451.81
646,1944,0.188,18.8,2,Value-Oriented Customers,1578.528,1615.13
647,837,0.039,3.9,1,Price-Sensitive Customers,804.357,844.33
648,1887,0.034,3.4,0,Premium Customers,1822.8419999999999,1759.73
649,1864,0.077,7.7,0,Premium Customers,1720.472,1685.66
650,998,0.057,5.7,1,Price-Sensitive Customers,941.1139999999999,961.05
651,1009,0.221,22.1,2,Value-Oriented Customers,786.0110000000001,764.03
652,1849,0.07,7.0,0,Premium Customers,1719.57,1681.49
653,715,0.244,24.4,1,Price-Sensitive Customers,540.54,480.51
654,1823,0.097,9.7,0,Premium Customers,1646.169,1624.97
655,1654,0.062,6.2,0,Premium Customers,1551.452,1522.73
656,1592,0.202,20.2,2,Value-Oriented Customers,1270.4160000000002,1292.73
657,1774,0.172,17.2,2,Value-Oriented Customers,1468.872,1488.09
658,1937,0.135,13.5,0,Premium Customers,1675.5049999999999,1675.82
659,943,0.148,14.8,1,Price-Sensitive Customers,803.436,798.83
660,1374,0.185,18.5,2,Value-Oriented Customers,1119.81,1125.39
661,1704,0.073,7.3,0,Premium Customers,1579.6080000000002,1552.17
662,665,0.249,24.9,1,Price-Sensitive Customers,499.415,430.93
663,589,0.244,24.4,1,Price-Sensitive Customers,445.284,371.42
664,1212,0.17,17.0,2,Value-Oriented Customers,1005.9599999999999,1004.02
665,537,0.066,6.6,1,Price-Sensitive Customers,501.558,550.58
666,1648,0.176,17.6,2,Value-Oriented Customers,1357.952,1373.96
667,1973,0.037,3.7,0,Premium Customers,1899.999,1830.41
668,671,0.027,2.7,1,Price-Sensitive Customers,652.883,715.72
669,1151,0.079,7.9,0,Premium Customers,1060.0710000000001,1065.82
670,1252,0.126,12.6,0,Premium Customers,1094.248,1094.07
671,1742,0.22,22.0,2,Value-Oriented Customers,1358.76,1399.93
672,1580,0.187,18.7,2,Value-Oriented Customers,1284.54,1301.23
673,974,0.191,19.1,1,Price-Sensitive Customers,787.9659999999999,771.51
674,954,0.118,11.8,1,Price-Sensitive Customers,841.428,846.13
675,1327,0.1,10.0,0,Premium Customers,1194.3,1191.75
676,1393,0.105,10.5,0,Premium Customers,1246.7350000000001,1242.6
677,1883,0.247,24.7,2,Value-Oriented Customers,1417.8990000000001,1488.01
678,1523,0.029,2.9,0,Premium Customers,1478.8329999999999,1450.87
679,885,0.219,21.9,1,Price-Sensitive Customers,691.1850000000001,659.19
680,846,0.153,15.3,1,Price-Sensitive Customers,716.562,708.54
681,688,0.121,12.1,1,Price-Sensitive Customers,604.752,612.05
682,1003,0.187,18.7,1,Price-Sensitive Customers,815.439,801.66
683,1713,0.132,13.2,0,Premium Customers,1486.884,1485.65
684,1891,0.221,22.1,2,Value-Oriented Customers,1473.089,1527.68
685,1931,0.227,22.7,2,Value-Oriented Customers,1492.663,1554.75
686,1322,0.117,11.7,0,Premium Customers,1167.326,1166.01
687,1427,0.084,8.4,0,Premium Customers,1307.132,1298.48
688,1432,0.156,15.6,2,Value-Oriented Customers,1208.608,1212.13
689,1639,0.23,23.0,2,Value-Oriented Customers,1262.03,1298.16
690,632,0.068,6.8,1,Price-Sensitive Customers,589.024,630.31
691,556,0.163,16.3,1,Price-Sensitive Customers,465.37199999999996,444.86
692,1183,0.165,16.5,2,Value-Oriented Customers,987.805,985.21
693,1170,0.189,18.9,2,Value-Oriented Customers,948.8699999999999,943.73
694,671,0.05,5.0,1,Price-Sensitive Customers,637.4499999999999,686.75
695,1313,0.185,18.5,2,Value-Oriented Customers,1070.095,1072.58
696,1671,0.229,22.9,2,Value-Oriented Customers,1288.3410000000001,1327.12
697,578,0.061,6.1,1,Price-Sensitive Customers,542.7420000000001,592.37
698,1384,0.075,7.5,0,Premium Customers,1280.2,1272.59
699,1735,0.243,24.3,2,Value-Oriented Customers,1313.395,1364.9
700,701,0.062,6.2,1,Price-Sensitive Customers,657.538,697.61
701,1262,0.217,21.7,2,Value-Oriented Customers,988.1460000000001,988.12
702,1751,0.133,13.3,0,Premium Customers,1518.117,1517.29
703,1749,0.077,7.7,0,Premium Customers,1614.327,1586.09
704,1963,0.22,22.0,2,Value-Oriented Customers,1531.14,1591.28
705,1924,0.122,12.2,0,Premium Customers,1689.272,1680.93
706,545,0.138,13.8,1,Price-Sensitive Customers,469.79,466.83
707,1755,0.103,10.3,0,Premium Customers,1574.2350000000001,1558.54
708,1827,0.156,15.6,2,Value-Oriented Customers,1541.988,1554.13
709,1665,0.058,5.8,0,Premium Customers,1568.4299999999998,1537.29
710,1937,0.11,11.0,0,Premium Customers,1723.93,1707.3
711,1895,0.243,24.3,2,Value-Oriented Customers,1434.515,1503.43
712,1781,0.079,7.9,0,Premium Customers,1640.3010000000002,1611.28
713,1154,0.171,17.1,2,Value-Oriented Customers,956.6659999999999,952.54
714,969,0.095,9.5,1,Price-Sensitive Customers,876.945,888.09
715,1469,0.198,19.8,2,Value-Oriented Customers,1178.1380000000001,1191.27
716,1534,0.05,5.0,0,Premium Customers,1457.3,1433.95
717,1852,0.243,24.3,2,Value-Oriented Customers,1401.964,1466.2
718,1234,0.124,12.4,0,Premium Customers,1080.984,1081.0
719,1282,0.074,7.4,0,Premium Customers,1187.132,1185.53
720,1466,0.037,3.7,0,Premium Customers,1411.758,1391.44
721,856,0.059,5.9,1,Price-Sensitive Customers,805.4960000000001,835.59
722,1470,0.14,14.0,2,Value-Oriented Customers,1264.2,1265.18
723,1930,0.098,9.8,0,Premium Customers,1740.8600000000001,1716.36
724,1166,0.211,21.1,2,Value-Oriented Customers,919.974,912.56
725,871,0.119,11.9,1,Price-Sensitive Customers,767.351,773.01
726,1530,0.077,7.7,0,Premium Customers,1412.19,1396.48
727,1644,0.162,16.2,2,Value-Oriented Customers,1377.672,1388.13
728,1870,0.183,18.3,2,Value-Oriented Customers,1527.79,1557.35
729,1174,0.058,5.8,0,Premium Customers,1105.908,1112.18
730,588,0.059,5.9,1,Price-Sensitive Customers,553.308,603.55
731,1196,0.028,2.8,0,Premium Customers,1162.512,1169.01
732,1838,0.189,18.9,2,Value-Oriented Customers,1490.618,1522.09
733,1700,0.173,17.3,2,Value-Oriented Customers,1405.8999999999999,1422.76
734,1038,0.129,12.9,1,Price-Sensitive Customers,904.098,905.01
735,1230,0.214,21.4,2,Value-Oriented Customers,966.7800000000001,964.19
736,1367,0.205,20.5,2,Value-Oriented Customers,1086.765,1094.14
737,539,0.155,15.5,1,Price-Sensitive Customers,455.455,440.22
738,1238,0.22,22.0,2,Value-Oriented Customers,965.64,963.56
739,1000,0.067,6.7,1,Price-Sensitive Customers,933.0,950.19
740,1457,0.046,4.6,0,Premium Customers,1389.9779999999998,1372.32
741,1667,0.082,8.2,0,Premium Customers,1530.306,1508.8
742,1723,0.033,3.3,0,Premium Customers,1666.1409999999998,1619.0
743,1427,0.142,14.2,2,Value-Oriented Customers,1224.366,1225.44
744,959,0.235,23.5,2,Value-Oriented Customers,733.635,703.11
745,1230,0.029,2.9,0,Premium Customers,1194.33,1197.19
746,1250,0.048,4.8,0,Premium Customers,1190.0,1190.57
747,1423,0.124,12.4,0,Premium Customers,1246.548,1244.64
748,1407,0.235,23.5,2,Value-Oriented Customers,1076.355,1090.99
749,1775,0.093,9.3,0,Premium Customers,1609.925,1588.45
750,888,0.137,13.7,1,Price-Sensitive Customers,766.3439999999999,765.06
751,1381,0.03,3.0,0,Premium Customers,1339.57,1326.67
752,754,0.054,5.4,1,Price-Sensitive Customers,713.284,753.57
753,1207,0.247,24.7,2,Value-Oriented Customers,908.871,902.72
754,948,0.242,24.2,2,Value-Oriented Customers,718.5840000000001,684.77
755,508,0.021,2.1,1,Price-Sensitive Customers,497.332,582.14
756,1322,0.239,23.9,2,Value-Oriented Customers,1006.042,1012.36
757,1296,0.167,16.7,2,Value-Oriented Customers,1079.568,1080.53
758,1764,0.22,22.0,2,Value-Oriented Customers,1375.92,1418.98
759,1773,0.125,12.5,0,Premium Customers,1551.375,1546.42
760,1375,0.139,13.9,2,Value-Oriented Customers,1183.875,1184.19
761,1527,0.132,13.2,0,Premium Customers,1325.436,1324.61
762,1641,0.173,17.3,2,Value-Oriented Customers,1357.107,1371.68
763,1514,0.052,5.2,0,Premium Customers,1435.272,1414.11
764,872,0.027,2.7,1,Price-Sensitive Customers,848.456,889.74
765,1587,0.091,9.1,0,Premium Customers,1442.583,1428.2
766,644,0.182,18.2,1,Price-Sensitive Customers,526.792,497.13
767,722,0.066,6.6,1,Price-Sensitive Customers,674.348,710.75
768,1761,0.175,17.5,2,Value-Oriented Customers,1452.8249999999998,1473.06
769,675,0.243,24.3,1,Price-Sensitive Customers,510.975,447.14
770,1351,0.042,4.2,0,Premium Customers,1294.258,1285.58
771,1804,0.175,17.5,2,Value-Oriented Customers,1488.3,1510.29
772,561,0.122,12.2,1,Price-Sensitive Customers,492.558,500.83
773,1739,0.22,22.0,2,Value-Oriented Customers,1356.42,1397.33
774,1325,0.061,6.1,0,Premium Customers,1244.1750000000002,1239.14
775,1293,0.179,17.9,2,Value-Oriented Customers,1061.5529999999999,1062.82
776,1187,0.213,21.3,2,Value-Oriented Customers,934.169,928.22
777,1983,0.237,23.7,2,Value-Oriented Customers,1513.029,1587.18
778,603,0.177,17.7,1,Price-Sensitive Customers,496.26899999999995,467.92
779,1621,0.134,13.4,0,Premium Customers,1403.786,1403.48
780,1009,0.162,16.2,1,Price-Sensitive Customers,845.5419999999999,838.34
781,883,0.22,22.0,1,Price-Sensitive Customers,688.74,656.2
782,903,0.151,15.1,1,Price-Sensitive Customers,766.6469999999999,760.41
783,1321,0.027,2.7,0,Premium Customers,1285.3329999999999,1278.49
784,1016,0.234,23.4,2,Value-Oriented Customers,778.256,753.72
785,974,0.179,17.9,1,Price-Sensitive Customers,799.654,786.62
786,1207,0.176,17.6,2,Value-Oriented Customers,994.5680000000001,992.14
787,1269,0.07,7.0,0,Premium Customers,1180.1699999999998,1179.32
788,1959,0.172,17.2,2,Value-Oriented Customers,1622.0520000000001,1648.27
789,1545,0.111,11.1,0,Premium Customers,1373.505,1366.64
790,1495,0.17,17.0,2,Value-Oriented Customers,1240.85,1249.05
791,1175,0.045,4.5,0,Premium Customers,1122.125,1129.42
792,1212,0.171,17.1,2,Value-Oriented Customers,1004.7479999999999,1002.76
793,1980,0.25,25.0,2,Value-Oriented Customers,1485.0,1568.21
794,581,0.031,3.1,1,Price-Sensitive Customers,562.989,632.75
795,1667,0.245,24.5,2,Value-Oriented Customers,1258.585,1303.51
796,1607,0.114,11.4,0,Premium Customers,1423.802,1416.55
797,1600,0.22,22.0,2,Value-Oriented Customers,1248.0,1276.99
798,955,0.2,20.0,1,Price-Sensitive Customers,764.0,743.72
799,499,0.15,15.0,1,Price-Sensitive Customers,424.15,411.88
800,549,0.19,19.0,1,Price-Sensitive Customers,444.69000000000005,404.8
801,1183,0.222,22.2,2,Value-Oriented Customers,920.374,913.42
802,1215,0.113,11.3,0,Premium Customers,1077.705,1078.41
803,1968,0.095,9.5,0,Premium Customers,1781.04,1753.03
804,947,0.174,17.4,1,Price-Sensitive Customers,782.2220000000001,769.54
805,1379,0.206,20.6,2,Value-Oriented Customers,1094.9260000000002,1103.27
806,986,0.195,19.5,1,Price-Sensitive Customers,793.7299999999999,776.86
807,532,0.203,20.3,1,Price-Sensitive Customers,424.00399999999996,373.71
808,1870,0.12,12.0,0,Premium Customers,1645.6,1636.7
809,593,0.208,20.8,1,Price-Sensitive Customers,469.656,420.22
810,1594,0.048,4.8,0,Premium Customers,1517.4879999999998,1488.41
811,652,0.145,14.5,1,Price-Sensitive Customers,557.46,550.65
812,748,0.021,2.1,1,Price-Sensitive Customers,732.292,789.94
813,1172,0.095,9.5,0,Premium Customers,1060.66,1063.85
814,936,0.104,10.4,1,Price-Sensitive Customers,838.6560000000001,848.18
815,616,0.111,11.1,1,Price-Sensitive Customers,547.624,562.3
816,1269,0.18,18.0,2,Value-Oriented Customers,1040.5800000000002,1040.78
817,1828,0.109,10.9,0,Premium Customers,1628.748,1614.19
818,766,0.123,12.3,1,Price-Sensitive Customers,671.782,677.06
819,1576,0.075,7.5,0,Premium Customers,1457.8000000000002,1438.82
820,734,0.106,10.6,1,Price-Sensitive Customers,656.196,670.77
821,887,0.072,7.2,1,Price-Sensitive Customers,823.1360000000001,846.06
822,1488,0.037,3.7,0,Premium Customers,1432.944,1410.49
823,1261,0.159,15.9,2,Value-Oriented Customers,1060.501,1060.3
824,899,0.174,17.4,1,Price-Sensitive Customers,742.5740000000001,727.98
825,1122,0.162,16.2,1,Price-Sensitive Customers,940.236,936.17
826,1265,0.127,12.7,0,Premium Customers,1104.345,1104.07
827,1825,0.107,10.7,0,Premium Customers,1629.7250000000001,1614.11
828,1417,0.219,21.9,2,Value-Oriented Customers,1106.6770000000001,1119.8
829,1729,0.139,13.9,0,Premium Customers,1488.6689999999999,1490.69
830,1751,0.13,13.0,0,Premium Customers,1523.37,1521.07
831,1351,0.026,2.6,0,Premium Customers,1315.874,1305.73
832,1076,0.098,9.8,1,Price-Sensitive Customers,970.552,976.95
833,573,0.107,10.7,1,Price-Sensitive Customers,511.689,530.11
834,933,0.112,11.2,1,Price-Sensitive Customers,828.504,835.51
835,601,0.153,15.3,1,Price-Sensitive Customers,509.04699999999997,496.42
836,1944,0.143,14.3,0,Premium Customers,1666.008,1671.8
837,1262,0.16,16.0,2,Value-Oriented Customers,1060.08,1059.91
838,1236,0.196,19.6,2,Value-Oriented Customers,993.744,992.06
839,1304,0.207,20.7,2,Value-Oriented Customers,1034.0720000000001,1037.08
840,1828,0.185,18.5,2,Value-Oriented Customers,1489.82,1518.47
841,596,0.24,24.0,1,Price-Sensitive Customers,452.96,382.52
842,1296,0.024,2.4,0,Premium Customers,1264.896,1260.63
843,1857,0.065,6.5,0,Premium Customers,1736.295,1694.71
844,1357,0.022,2.2,0,Premium Customers,1327.146,1315.96
845,933,0.169,16.9,1,Price-Sensitive Customers,775.323,763.72
846,945,0.227,22.7,2,Value-Oriented Customers,730.485,701.06
847,1830,0.076,7.6,0,Premium Customers,1690.92,1657.48
848,747,0.233,23.3,1,Price-Sensitive Customers,572.949,522.07
849,664,0.034,3.4,1,Price-Sensitive Customers,641.424,700.84
850,1482,0.235,23.5,2,Value-Oriented Customers,1133.73,1155.93
851,1857,0.101,10.1,0,Premium Customers,1669.443,1649.37
852,1518,0.043,4.3,0,Premium Customers,1452.7259999999999,1428.91
853,1040,0.132,13.2,1,Price-Sensitive Customers,902.72,902.96
854,1257,0.079,7.9,0,Premium Customers,1157.6970000000001,1157.59
855,1628,0.086,8.6,0,Premium Customers,1487.992,1469.99
856,579,0.091,9.1,1,Price-Sensitive Customers,526.311,555.46
857,631,0.205,20.5,1,Price-Sensitive Customers,501.64500000000004,456.9
858,1295,0.144,14.4,2,Value-Oriented Customers,1108.52,1108.63
859,1398,0.092,9.2,0,Premium Customers,1269.384,1263.3
860,636,0.16,16.0,1,Price-Sensitive Customers,534.24,517.91
861,682,0.185,18.5,1,Price-Sensitive Customers,555.8299999999999,526.25
862,1923,0.083,8.3,0,Premium Customers,1763.391,1729.19
863,1852,0.115,11.5,0,Premium Customers,1639.02,1627.41
864,1283,0.048,4.8,0,Premium Customers,1221.416,1219.15
865,1482,0.062,6.2,0,Premium Customers,1390.116,1373.81
866,567,0.177,17.7,1,Price-Sensitive Customers,466.64099999999996,436.76
867,1044,0.062,6.2,1,Price-Sensitive Customers,979.2719999999999,994.58
868,551,0.141,14.1,1,Price-Sensitive Customers,473.30899999999997,468.24
869,1972,0.183,18.3,2,Value-Oriented Customers,1611.1239999999998,1645.67
870,703,0.045,4.5,1,Price-Sensitive Customers,671.365,720.75
871,624,0.15,15.0,1,Price-Sensitive Customers,530.4,520.11
872,541,0.079,7.9,1,Price-Sensitive Customers,498.261,537.67
873,609,0.241,24.1,1,Price-Sensitive Customers,462.231,392.52
874,1259,0.131,13.1,0,Premium Customers,1094.071,1093.83
875,1705,0.205,20.5,2,Value-Oriented Customers,1355.4750000000001,1386.79
876,1346,0.147,14.7,2,Value-Oriented Customers,1148.138,1149.01
877,593,0.03,3.0,1,Price-Sensitive Customers,575.21,644.4
878,1896,0.166,16.6,2,Value-Oriented Customers,1581.264,1601.28
879,1398,0.239,23.9,2,Value-Oriented Customers,1063.878,1078.16
880,858,0.158,15.8,1,Price-Sensitive Customers,722.4359999999999,712.64
881,1398,0.208,20.8,2,Value-Oriented Customers,1107.2160000000001,1117.2
882,779,0.223,22.3,1,Price-Sensitive Customers,605.283,562.37
883,1717,0.072,7.2,0,Premium Customers,1593.376,1564.68
884,1717,0.069,6.9,0,Premium Customers,1598.527,1568.46
885,1165,0.161,16.1,2,Value-Oriented Customers,977.435,974.66
886,591,0.115,11.5,1,Price-Sensitive Customers,523.035,535.62
887,1170,0.213,21.3,2,Value-Oriented Customers,920.7900000000001,913.5
888,559,0.227,22.7,1,Price-Sensitive Customers,432.107,366.86
889,1132,0.101,10.1,1,Price-Sensitive Customers,1017.668,1021.66
890,1573,0.074,7.4,0,Premium Customers,1456.5980000000002,1437.49
891,1925,0.2,20.0,2,Value-Oriented Customers,1540.0,1583.56
892,1527,0.083,8.3,0,Premium Customers,1400.259,1386.32
893,1988,0.209,20.9,2,Value-Oriented Customers,1572.508,1626.77
894,1102,0.117,11.7,1,Price-Sensitive Customers,973.066,975.53
895,1180,0.174,17.4,2,Value-Oriented Customers,974.6800000000001,971.28
896,1032,0.042,4.2,0,Premium Customers,988.656,1009.38
897,1927,0.163,16.3,2,Value-Oriented Customers,1612.899,1631.89
898,1336,0.124,12.4,0,Premium Customers,1170.336,1169.32
899,1143,0.155,15.5,1,Price-Sensitive Customers,965.8349999999999,963.17
900,731,0.059,5.9,1,Price-Sensitive Customers,687.8710000000001,727.36
901,1022,0.189,18.9,1,Price-Sensitive Customers,828.842,815.59
902,844,0.218,21.8,1,Price-Sensitive Customers,660.008,624.95
903,1568,0.07,7.0,0,Premium Customers,1458.24,1438.2
904,1044,0.042,4.2,0,Premium Customers,1000.1519999999999,1019.77
905,1600,0.025,2.5,0,Premium Customers,1560.0,1522.58
906,1595,0.168,16.8,2,Value-Oriented Customers,1327.04,1338.15
907,1292,0.16,16.0,2,Value-Oriented Customers,1085.28,1085.88
908,747,0.146,14.6,1,Price-Sensitive Customers,637.938,631.64
909,545,0.073,7.3,1,Price-Sensitive Customers,505.21500000000003,548.69
910,1643,0.11,11.0,0,Premium Customers,1462.27,1452.75
911,712,0.157,15.7,1,Price-Sensitive Customers,600.216,587.49
912,737,0.134,13.4,1,Price-Sensitive Customers,638.242,638.1
913,1578,0.247,24.7,2,Value-Oriented Customers,1188.234,1223.93
914,848,0.051,5.1,1,Price-Sensitive Customers,804.752,838.74
915,605,0.18,18.0,1,Price-Sensitive Customers,496.1,465.88
916,1329,0.113,11.3,0,Premium Customers,1178.823,1177.11
917,546,0.118,11.8,1,Price-Sensitive Customers,481.572,492.88
918,835,0.185,18.5,1,Price-Sensitive Customers,680.525,658.72
919,1548,0.179,17.9,2,Value-Oriented Customers,1270.908,1283.6
920,1302,0.248,24.8,2,Value-Oriented Customers,979.104,983.71
921,1779,0.05,5.0,0,Premium Customers,1690.05,1646.07
922,506,0.044,4.4,1,Price-Sensitive Customers,483.736,551.45
923,1123,0.187,18.7,2,Value-Oriented Customers,912.9989999999999,905.55
924,1775,0.153,15.3,2,Value-Oriented Customers,1503.425,1512.89
925,1217,0.083,8.3,0,Premium Customers,1115.989,1117.92
926,801,0.038,3.8,1,Price-Sensitive Customers,770.562,814.42
927,1137,0.04,4.0,0,Premium Customers,1091.52,1102.81
928,554,0.226,22.6,1,Price-Sensitive Customers,428.796,363.79
929,1224,0.064,6.4,0,Premium Customers,1145.664,1147.91
930,1024,0.094,9.4,1,Price-Sensitive Customers,927.744,936.97
931,972,0.072,7.2,1,Price-Sensitive Customers,902.0160000000001,919.65
932,526,0.102,10.2,1,Price-Sensitive Customers,472.348,495.71
933,576,0.036,3.6,1,Price-Sensitive Customers,555.264,622.13
934,1738,0.139,13.9,0,Premium Customers,1496.418,1498.48
935,1908,0.036,3.6,0,Premium Customers,1839.312,1775.39
936,863,0.204,20.4,1,Price-Sensitive Customers,686.948,659.03
937,1164,0.074,7.4,0,Premium Customers,1077.864,1083.37
938,1024,0.144,14.4,1,Price-Sensitive Customers,876.544,873.99
939,1197,0.222,22.2,2,Value-Oriented Customers,931.2660000000001,925.54
940,1834,0.17,17.0,2,Value-Oriented Customers,1522.22,1542.56
941,1381,0.143,14.3,2,Value-Oriented Customers,1183.517,1184.35
942,1529,0.095,9.5,0,Premium Customers,1383.7450000000001,1372.94
943,1525,0.097,9.7,0,Premium Customers,1377.075,1366.96
944,1417,0.174,17.4,2,Value-Oriented Customers,1170.442,1176.48
945,1248,0.249,24.9,2,Value-Oriented Customers,937.248,935.69
946,861,0.172,17.2,1,Price-Sensitive Customers,712.908,697.6
947,1796,0.148,14.8,2,Value-Oriented Customers,1530.192,1537.36
948,1304,0.188,18.8,2,Value-Oriented Customers,1058.8480000000002,1061.01
949,1237,0.127,12.7,1,Price-Sensitive Customers,1079.901,1079.82
950,1537,0.034,3.4,0,Premium Customers,1484.742,1456.69
951,1714,0.149,14.9,2,Value-Oriented Customers,1458.614,1465.11
952,983,0.24,24.0,2,Value-Oriented Customers,747.08,717.59
953,526,0.06,6.0,1,Price-Sensitive Customers,494.44,548.61
954,1212,0.179,17.9,2,Value-Oriented Customers,995.0519999999999,992.69
955,1561,0.066,6.6,0,Premium Customers,1457.974,1437.17
956,1795,0.143,14.3,2,Value-Oriented Customers,1538.315,1542.8
957,1753,0.042,4.2,0,Premium Customers,1679.374,1633.63
958,584,0.124,12.4,1,Price-Sensitive Customers,511.584,518.22
959,1996,0.194,19.4,2,Value-Oriented Customers,1608.776,1652.59
960,624,0.1,10.0,1,Price-Sensitive Customers,561.6,583.08
961,1310,0.173,17.3,2,Value-Oriented Customers,1083.37,1085.09
962,1035,0.203,20.3,2,Value-Oriented Customers,824.895,809.21
963,643,0.233,23.3,1,Price-Sensitive Customers,493.181,432.03
964,1734,0.074,7.4,0,Premium Customers,1605.684,1576.88
965,523,0.112,11.2,1,Price-Sensitive Customers,464.424,480.52
966,1916,0.055,5.5,0,Premium Customers,1810.62,1758.39
967,565,0.248,24.8,1,Price-Sensitive Customers,424.88,345.6
968,731,0.233,23.3,1,Price-Sensitive Customers,560.677,508.22
969,607,0.144,14.4,1,Price-Sensitive Customers,519.592,512.95
970,1668,0.214,21.4,2,Value-Oriented Customers,1311.048,1343.42
971,609,0.14,14.0,1,Price-Sensitive Customers,523.74,519.72
972,726,0.163,16.3,1,Price-Sensitive Customers,607.6619999999999,592.05
973,609,0.04,4.0,1,Price-Sensitive Customers,584.64,645.66
974,1992,0.194,19.4,2,Value-Oriented Customers,1605.5520000000001,1649.13
975,532,0.049,4.9,1,Price-Sensitive Customers,505.93199999999996,567.66
976,1121,0.21,21.0,2,Value-Oriented Customers,885.59,874.85
977,1891,0.2,20.0,2,Value-Oriented Customers,1512.8000000000002,1554.13
978,1246,0.183,18.3,2,Value-Oriented Customers,1017.982,1017.09
979,1093,0.028,2.8,0,Premium Customers,1062.396,1079.83
980,923,0.09,9.0,1,Price-Sensitive Customers,839.9300000000001,854.56
981,1111,0.081,8.1,0,Premium Customers,1021.009,1028.66
982,1190,0.103,10.3,0,Premium Customers,1067.43,1069.36
983,1804,0.04,4.0,0,Premium Customers,1731.84,1680.31
984,1842,0.236,23.6,2,Value-Oriented Customers,1407.288,1466.36
985,1965,0.147,14.7,2,Value-Oriented Customers,1676.145,1684.95
986,813,0.09,9.0,1,Price-Sensitive Customers,739.83,759.32
987,1375,0.111,11.1,0,Premium Customers,1222.375,1219.46
988,1899,0.123,12.3,0,Premium Customers,1665.423,1658.03
989,1811,0.158,15.8,2,Value-Oriented Customers,1524.8619999999999,1537.76
990,1959,0.139,13.9,0,Premium Customers,1686.699,1689.83
991,1160,0.231,23.1,2,Value-Oriented Customers,892.04,882.17
992,775,0.134,13.4,1,Price-Sensitive Customers,671.15,671.0
993,1122,0.248,24.8,2,Value-Oriented Customers,843.744,827.86
994,1014,0.216,21.6,2,Value-Oriented Customers,794.976,774.66
995,1872,0.068,6.8,0,Premium Customers,1744.704,1703.92
996,1341,0.234,23.4,2,Value-Oriented Customers,1027.2060000000001,1035.11
997,1968,0.047,4.7,0,Premium Customers,1875.504,1813.49
998,848,0.208,20.8,1,Price-Sensitive Customers,671.616,641.01
999,1321,0.108,10.8,0,Premium Customers,1178.332,1176.48
1000,1659,0.222,22.2,2,Value-Oriented Customers,1290.702,1325.55
