Customer_ID,Willingness_to_Pay,Churn_Probability,Churn_Rate_%,Cluster,Customer_Segment
1,1625,0.038,3.8,0,Premium Customers
2,1958,0.141,14.1,0,Premium Customers
3,1359,0.114,11.4,0,Premium Customers
4,1793,0.246,24.6,2,Value-Oriented Customers
5,1629,0.046,4.6,0,Premium Customers
6,1594,0.112,11.2,0,Premium Customers
7,1543,0.243,24.3,2,Value-Oriented Customers
8,620,0.219,21.9,1,Price-Sensitive Customers
9,965,0.208,20.8,2,Value-Oriented Customers
10,1737,0.079,7.9,0,Premium Customers
11,829,0.059,5.9,1,Price-Sensitive Customers
12,1981,0.174,17.4,2,Value-Oriented Customers
13,586,0.234,23.4,1,Price-Sensitive Customers
14,1895,0.148,14.8,2,Value-Oriented Customers
15,1622,0.151,15.1,2,Value-Oriented Customers
16,1370,0.084,8.4,0,Premium Customers
17,629,0.197,19.7,1,Price-Sensitive Customers
18,1831,0.063,6.3,0,Premium Customers
19,1268,0.094,9.4,0,Premium Customers
20,842,0.118,11.8,1,Price-Sensitive Customers
21,1936,0.137,13.7,0,Premium Customers
22,1304,0.076,7.6,0,Premium Customers
23,884,0.046,4.6,1,Price-Sensitive Customers
24,1714,0.16,16.0,2,Value-Oriented Customers
25,1454,0.086,8.6,0,Premium Customers
26,775,0.154,15.4,1,Price-Sensitive Customers
27,1683,0.056,5.6,0,Premium Customers
28,958,0.131,13.1,1,Price-Sensitive Customers
29,1836,0.142,14.2,0,Premium Customers
30,520,0.032,3.2,1,Price-Sensitive Customers
31,751,0.097,9.7,1,Price-Sensitive Customers
32,1246,0.051,5.1,0,Premium Customers
33,1355,0.035,3.5,0,Premium Customers
34,973,0.248,24.8,2,Value-Oriented Customers
35,1581,0.094,9.4,0,Premium Customers
36,1009,0.206,20.6,2,Value-Oriented Customers
37,1998,0.079,7.9,0,Premium Customers
38,1198,0.177,17.7,2,Value-Oriented Customers
39,1474,0.195,19.5,2,Value-Oriented Customers
40,688,0.157,15.7,1,Price-Sensitive Customers
41,1456,0.128,12.8,0,Premium Customers
42,1185,0.115,11.5,1,Price-Sensitive Customers
43,1456,0.1,10.0,0,Premium Customers
44,1061,0.234,23.4,2,Value-Oriented Customers
45,1766,0.211,21.1,2,Value-Oriented Customers
46,1330,0.242,24.2,2,Value-Oriented Customers
47,1653,0.049,4.9,0,Premium Customers
48,1145,0.188,18.8,2,Value-Oriented Customers
49,519,0.236,23.6,1,Price-Sensitive Customers
50,1339,0.062,6.2,0,Premium Customers
51,665,0.035,3.5,1,Price-Sensitive Customers
52,1796,0.19,19.0,2,Value-Oriented Customers
53,886,0.152,15.2,1,Price-Sensitive Customers
54,1099,0.214,21.4,2,Value-Oriented Customers
55,814,0.052,5.2,1,Price-Sensitive Customers
56,512,0.203,20.3,1,Price-Sensitive Customers
57,740,0.066,6.6,1,Price-Sensitive Customers
58,1275,0.058,5.8,0,Premium Customers
59,1868,0.058,5.8,0,Premium Customers
60,1063,0.207,20.7,2,Value-Oriented Customers
61,1396,0.173,17.3,2,Value-Oriented Customers
62,1862,0.14,14.0,0,Premium Customers
63,590,0.103,10.3,1,Price-Sensitive Customers
64,1889,0.222,22.2,2,Value-Oriented Customers
65,1454,0.11,11.0,0,Premium Customers
66,1977,0.208,20.8,2,Value-Oriented Customers
67,1950,0.121,12.1,0,Premium Customers
68,1007,0.107,10.7,1,Price-Sensitive Customers
69,1274,0.126,12.6,0,Premium Customers
70,533,0.089,8.9,1,Price-Sensitive Customers
71,704,0.192,19.2,1,Price-Sensitive Customers
72,1603,0.136,13.6,0,Premium Customers
73,1910,0.073,7.3,0,Premium Customers
74,1524,0.227,22.7,2,Value-Oriented Customers
75,1520,0.108,10.8,0,Premium Customers
76,1912,0.145,14.5,2,Value-Oriented Customers
77,1064,0.228,22.8,2,Value-Oriented Customers
78,1628,0.164,16.4,2,Value-Oriented Customers
79,1999,0.047,4.7,0,Premium Customers
80,1201,0.236,23.6,2,Value-Oriented Customers
81,900,0.164,16.4,1,Price-Sensitive Customers
82,1228,0.097,9.7,0,Premium Customers
83,660,0.052,5.2,1,Price-Sensitive Customers
84,700,0.203,20.3,1,Price-Sensitive Customers
85,1494,0.163,16.3,2,Value-Oriented Customers
86,768,0.143,14.3,1,Price-Sensitive Customers
87,1314,0.226,22.6,2,Value-Oriented Customers
88,1793,0.201,20.1,2,Value-Oriented Customers
89,954,0.055,5.5,1,Price-Sensitive Customers
90,1984,0.092,9.2,0,Premium Customers
91,1774,0.077,7.7,0,Premium Customers
92,1515,0.191,19.1,2,Value-Oriented Customers
93,794,0.028,2.8,1,Price-Sensitive Customers
94,1218,0.151,15.1,2,Value-Oriented Customers
95,836,0.195,19.5,1,Price-Sensitive Customers
96,1377,0.222,22.2,2,Value-Oriented Customers
97,1575,0.099,9.9,0,Premium Customers
98,1290,0.209,20.9,2,Value-Oriented Customers
99,715,0.045,4.5,1,Price-Sensitive Customers
100,1262,0.215,21.5,2,Value-Oriented Customers
101,686,0.049,4.9,1,Price-Sensitive Customers
102,878,0.111,11.1,1,Price-Sensitive Customers
103,991,0.203,20.3,2,Value-Oriented Customers
104,1563,0.054,5.4,0,Premium Customers
105,1679,0.073,7.3,0,Premium Customers
106,513,0.186,18.6,1,Price-Sensitive Customers
107,563,0.186,18.6,1,Price-Sensitive Customers
108,1019,0.167,16.7,1,Price-Sensitive Customers
109,1866,0.18,18.0,2,Value-Oriented Customers
110,1651,0.145,14.5,2,Value-Oriented Customers
111,1146,0.078,7.8,0,Premium Customers
112,1994,0.1,10.0,0,Premium Customers
113,1585,0.062,6.2,0,Premium Customers
114,1661,0.229,22.9,2,Value-Oriented Customers
115,1091,0.154,15.4,1,Price-Sensitive Customers
116,890,0.112,11.2,1,Price-Sensitive Customers
117,917,0.126,12.6,1,Price-Sensitive Customers
118,787,0.238,23.8,1,Price-Sensitive Customers
119,877,0.055,5.5,1,Price-Sensitive Customers
120,729,0.155,15.5,1,Price-Sensitive Customers
121,1516,0.136,13.6,0,Premium Customers
122,539,0.161,16.1,1,Price-Sensitive Customers
123,1550,0.024,2.4,0,Premium Customers
124,633,0.221,22.1,1,Price-Sensitive Customers
125,699,0.234,23.4,1,Price-Sensitive Customers
126,1278,0.15,15.0,2,Value-Oriented Customers
127,1428,0.18,18.0,2,Value-Oriented Customers
128,1555,0.232,23.2,2,Value-Oriented Customers
129,1570,0.183,18.3,2,Value-Oriented Customers
130,1001,0.055,5.5,1,Price-Sensitive Customers
131,905,0.153,15.3,1,Price-Sensitive Customers
132,1303,0.16,16.0,2,Value-Oriented Customers
133,597,0.118,11.8,1,Price-Sensitive Customers
134,1182,0.189,18.9,2,Value-Oriented Customers
135,1224,0.235,23.5,2,Value-Oriented Customers
136,1459,0.233,23.3,2,Value-Oriented Customers
137,1111,0.124,12.4,1,Price-Sensitive Customers
138,1984,0.046,4.6,0,Premium Customers
139,1141,0.247,24.7,2,Value-Oriented Customers
140,1527,0.213,21.3,2,Value-Oriented Customers
141,1740,0.049,4.9,0,Premium Customers
142,1001,0.232,23.2,2,Value-Oriented Customers
143,1265,0.22,22.0,2,Value-Oriented Customers
144,896,0.139,13.9,1,Price-Sensitive Customers
145,1369,0.156,15.6,2,Value-Oriented Customers
146,1293,0.112,11.2,0,Premium Customers
147,891,0.033,3.3,1,Price-Sensitive Customers
148,705,0.097,9.7,1,Price-Sensitive Customers
149,1537,0.205,20.5,2,Value-Oriented Customers
150,1390,0.021,2.1,0,Premium Customers
151,1983,0.097,9.7,0,Premium Customers
152,1362,0.112,11.2,0,Premium Customers
153,1241,0.144,14.4,2,Value-Oriented Customers
154,1763,0.232,23.2,2,Value-Oriented Customers
155,1062,0.1,10.0,1,Price-Sensitive Customers
156,1519,0.1,10.0,0,Premium Customers
157,594,0.19,19.0,1,Price-Sensitive Customers
158,983,0.124,12.4,1,Price-Sensitive Customers
159,1929,0.072,7.2,0,Premium Customers
160,729,0.124,12.4,1,Price-Sensitive Customers
161,1247,0.052,5.2,0,Premium Customers
162,1693,0.061,6.1,0,Premium Customers
163,1039,0.135,13.5,1,Price-Sensitive Customers
164,1558,0.116,11.6,0,Premium Customers
165,1023,0.23,23.0,2,Value-Oriented Customers
166,1682,0.103,10.3,0,Premium Customers
167,1765,0.154,15.4,2,Value-Oriented Customers
168,1608,0.165,16.5,2,Value-Oriented Customers
169,1076,0.023,2.3,0,Premium Customers
170,1180,0.173,17.3,2,Value-Oriented Customers
171,1055,0.061,6.1,1,Price-Sensitive Customers
172,1511,0.241,24.1,2,Value-Oriented Customers
173,1144,0.054,5.4,0,Premium Customers
174,1294,0.115,11.5,0,Premium Customers
175,1550,0.04,4.0,0,Premium Customers
176,1862,0.249,24.9,2,Value-Oriented Customers
177,1853,0.136,13.6,0,Premium Customers
178,1870,0.157,15.7,2,Value-Oriented Customers
179,1995,0.035,3.5,0,Premium Customers
180,1753,0.192,19.2,2,Value-Oriented Customers
181,688,0.068,6.8,1,Price-Sensitive Customers
182,1747,0.227,22.7,2,Value-Oriented Customers
183,1907,0.067,6.7,0,Premium Customers
184,1899,0.064,6.4,0,Premium Customers
185,1805,0.028,2.8,0,Premium Customers
186,1131,0.129,12.9,1,Price-Sensitive Customers
187,1126,0.15,15.0,1,Price-Sensitive Customers
188,1471,0.035,3.5,0,Premium Customers
189,1781,0.198,19.8,2,Value-Oriented Customers
190,1881,0.124,12.4,0,Premium Customers
191,1208,0.141,14.1,1,Price-Sensitive Customers
192,1978,0.121,12.1,0,Premium Customers
193,1933,0.112,11.2,0,Premium Customers
194,1147,0.149,14.9,1,Price-Sensitive Customers
195,816,0.056,5.6,1,Price-Sensitive Customers
196,1747,0.062,6.2,0,Premium Customers
197,1756,0.218,21.8,2,Value-Oriented Customers
198,1182,0.238,23.8,2,Value-Oriented Customers
199,1162,0.106,10.6,1,Price-Sensitive Customers
200,1896,0.082,8.2,0,Premium Customers
201,1994,0.168,16.8,2,Value-Oriented Customers
202,1755,0.114,11.4,0,Premium Customers
203,1635,0.026,2.6,0,Premium Customers
204,940,0.056,5.6,1,Price-Sensitive Customers
205,1062,0.185,18.5,2,Value-Oriented Customers
206,1790,0.172,17.2,2,Value-Oriented Customers
207,1908,0.026,2.6,0,Premium Customers
208,1909,0.071,7.1,0,Premium Customers
209,1635,0.073,7.3,0,Premium Customers
210,1450,0.175,17.5,2,Value-Oriented Customers
211,1603,0.025,2.5,0,Premium Customers
212,1197,0.044,4.4,0,Premium Customers
213,611,0.204,20.4,1,Price-Sensitive Customers
214,500,0.061,6.1,1,Price-Sensitive Customers
215,1140,0.17,17.0,2,Value-Oriented Customers
216,718,0.075,7.5,1,Price-Sensitive Customers
217,1353,0.043,4.3,0,Premium Customers
218,1747,0.076,7.6,0,Premium Customers
219,883,0.186,18.6,1,Price-Sensitive Customers
220,1925,0.217,21.7,2,Value-Oriented Customers
221,1652,0.211,21.1,2,Value-Oriented Customers
222,1575,0.111,11.1,0,Premium Customers
223,1228,0.174,17.4,2,Value-Oriented Customers
224,1938,0.067,6.7,0,Premium Customers
225,745,0.087,8.7,1,Price-Sensitive Customers
226,1334,0.226,22.6,2,Value-Oriented Customers
227,1961,0.023,2.3,0,Premium Customers
228,701,0.04,4.0,1,Price-Sensitive Customers
229,1706,0.068,6.8,0,Premium Customers
230,621,0.026,2.6,1,Price-Sensitive Customers
231,899,0.062,6.2,1,Price-Sensitive Customers
232,1265,0.154,15.4,2,Value-Oriented Customers
233,792,0.117,11.7,1,Price-Sensitive Customers
234,778,0.225,22.5,1,Price-Sensitive Customers
235,1382,0.208,20.8,2,Value-Oriented Customers
236,696,0.099,9.9,1,Price-Sensitive Customers
237,1480,0.08,8.0,0,Premium Customers
238,1250,0.107,10.7,0,Premium Customers
239,642,0.156,15.6,1,Price-Sensitive Customers
240,1107,0.082,8.2,1,Price-Sensitive Customers
241,1723,0.164,16.4,2,Value-Oriented Customers
242,1646,0.114,11.4,0,Premium Customers
243,685,0.147,14.7,1,Price-Sensitive Customers
244,1848,0.12,12.0,0,Premium Customers
245,962,0.088,8.8,1,Price-Sensitive Customers
246,1871,0.238,23.8,2,Value-Oriented Customers
247,1158,0.196,19.6,2,Value-Oriented Customers
248,1262,0.052,5.2,0,Premium Customers
249,1453,0.22,22.0,2,Value-Oriented Customers
250,901,0.132,13.2,1,Price-Sensitive Customers
251,1868,0.226,22.6,2,Value-Oriented Customers
252,645,0.204,20.4,1,Price-Sensitive Customers
253,1670,0.118,11.8,0,Premium Customers
254,1362,0.025,2.5,0,Premium Customers
255,987,0.082,8.2,1,Price-Sensitive Customers
256,1427,0.145,14.5,2,Value-Oriented Customers
257,1049,0.166,16.6,1,Price-Sensitive Customers
258,836,0.079,7.9,1,Price-Sensitive Customers
259,1370,0.052,5.2,0,Premium Customers
260,1139,0.212,21.2,2,Value-Oriented Customers
261,971,0.246,24.6,2,Value-Oriented Customers
262,649,0.141,14.1,1,Price-Sensitive Customers
263,1937,0.059,5.9,0,Premium Customers
264,1820,0.083,8.3,0,Premium Customers
265,761,0.024,2.4,1,Price-Sensitive Customers
266,642,0.23,23.0,1,Price-Sensitive Customers
267,844,0.047,4.7,1,Price-Sensitive Customers
268,1122,0.153,15.3,1,Price-Sensitive Customers
269,1515,0.083,8.3,0,Premium Customers
270,1379,0.147,14.7,2,Value-Oriented Customers
271,500,0.17,17.0,1,Price-Sensitive Customers
272,1395,0.211,21.1,2,Value-Oriented Customers
273,1826,0.067,6.7,0,Premium Customers
274,752,0.023,2.3,1,Price-Sensitive Customers
275,951,0.051,5.1,1,Price-Sensitive Customers
276,1559,0.227,22.7,2,Value-Oriented Customers
277,1682,0.221,22.1,2,Value-Oriented Customers
278,1513,0.157,15.7,2,Value-Oriented Customers
279,507,0.158,15.8,1,Price-Sensitive Customers
280,1755,0.173,17.3,2,Value-Oriented Customers
281,1621,0.06,6.0,0,Premium Customers
282,1314,0.23,23.0,2,Value-Oriented Customers
283,706,0.116,11.6,1,Price-Sensitive Customers
284,1653,0.108,10.8,0,Premium Customers
285,902,0.139,13.9,1,Price-Sensitive Customers
286,650,0.031,3.1,1,Price-Sensitive Customers
287,552,0.058,5.8,1,Price-Sensitive Customers
288,1642,0.19,19.0,2,Value-Oriented Customers
289,1126,0.039,3.9,0,Premium Customers
290,1085,0.159,15.9,1,Price-Sensitive Customers
291,1942,0.076,7.6,0,Premium Customers
292,1944,0.11,11.0,0,Premium Customers
293,602,0.086,8.6,1,Price-Sensitive Customers
294,752,0.102,10.2,1,Price-Sensitive Customers
295,1749,0.185,18.5,2,Value-Oriented Customers
296,1634,0.088,8.8,0,Premium Customers
297,1008,0.15,15.0,1,Price-Sensitive Customers
298,1995,0.129,12.9,0,Premium Customers
299,597,0.173,17.3,1,Price-Sensitive Customers
300,651,0.235,23.5,1,Price-Sensitive Customers
301,1412,0.188,18.8,2,Value-Oriented Customers
302,1376,0.069,6.9,0,Premium Customers
303,836,0.027,2.7,1,Price-Sensitive Customers
304,1320,0.08,8.0,0,Premium Customers
305,1685,0.157,15.7,2,Value-Oriented Customers
306,1455,0.032,3.2,0,Premium Customers
307,659,0.134,13.4,1,Price-Sensitive Customers
308,1299,0.157,15.7,2,Value-Oriented Customers
309,896,0.097,9.7,1,Price-Sensitive Customers
310,1799,0.197,19.7,2,Value-Oriented Customers
311,1314,0.045,4.5,0,Premium Customers
312,1914,0.037,3.7,0,Premium Customers
313,1657,0.187,18.7,2,Value-Oriented Customers
314,1717,0.134,13.4,0,Premium Customers
315,899,0.178,17.8,1,Price-Sensitive Customers
316,1138,0.12,12.0,1,Price-Sensitive Customers
317,1555,0.077,7.7,0,Premium Customers
318,1186,0.208,20.8,2,Value-Oriented Customers
319,958,0.204,20.4,1,Price-Sensitive Customers
320,1453,0.18,18.0,2,Value-Oriented Customers
321,968,0.083,8.3,1,Price-Sensitive Customers
322,1897,0.156,15.6,2,Value-Oriented Customers
323,1544,0.103,10.3,0,Premium Customers
324,1248,0.041,4.1,0,Premium Customers
325,536,0.231,23.1,1,Price-Sensitive Customers
326,728,0.051,5.1,1,Price-Sensitive Customers
327,1887,0.239,23.9,2,Value-Oriented Customers
328,1061,0.123,12.3,1,Price-Sensitive Customers
329,936,0.063,6.3,1,Price-Sensitive Customers
330,1805,0.145,14.5,2,Value-Oriented Customers
331,525,0.221,22.1,1,Price-Sensitive Customers
332,724,0.188,18.8,1,Price-Sensitive Customers
333,1799,0.206,20.6,2,Value-Oriented Customers
334,1296,0.172,17.2,2,Value-Oriented Customers
335,782,0.179,17.9,1,Price-Sensitive Customers
336,1377,0.215,21.5,2,Value-Oriented Customers
337,1458,0.077,7.7,0,Premium Customers
338,951,0.133,13.3,1,Price-Sensitive Customers
339,1518,0.071,7.1,0,Premium Customers
340,1314,0.247,24.7,2,Value-Oriented Customers
341,1157,0.237,23.7,2,Value-Oriented Customers
342,1045,0.029,2.9,0,Premium Customers
343,1714,0.182,18.2,2,Value-Oriented Customers
344,1571,0.233,23.3,2,Value-Oriented Customers
345,515,0.062,6.2,1,Price-Sensitive Customers
346,1694,0.151,15.1,2,Value-Oriented Customers
347,1742,0.231,23.1,2,Value-Oriented Customers
348,656,0.028,2.8,1,Price-Sensitive Customers
349,975,0.18,18.0,1,Price-Sensitive Customers
350,1568,0.088,8.8,0,Premium Customers
351,1895,0.233,23.3,2,Value-Oriented Customers
352,1016,0.243,24.3,2,Value-Oriented Customers
353,597,0.237,23.7,1,Price-Sensitive Customers
354,1559,0.129,12.9,0,Premium Customers
355,778,0.218,21.8,1,Price-Sensitive Customers
356,1871,0.214,21.4,2,Value-Oriented Customers
357,995,0.093,9.3,1,Price-Sensitive Customers
358,800,0.211,21.1,1,Price-Sensitive Customers
359,679,0.029,2.9,1,Price-Sensitive Customers
360,1105,0.157,15.7,1,Price-Sensitive Customers
361,1621,0.073,7.3,0,Premium Customers
362,1198,0.048,4.8,0,Premium Customers
363,1491,0.038,3.8,0,Premium Customers
364,1638,0.18,18.0,2,Value-Oriented Customers
365,689,0.098,9.8,1,Price-Sensitive Customers
366,751,0.187,18.7,1,Price-Sensitive Customers
367,1479,0.035,3.5,0,Premium Customers
368,1426,0.093,9.3,0,Premium Customers
369,1683,0.144,14.4,2,Value-Oriented Customers
370,1778,0.202,20.2,2,Value-Oriented Customers
371,1845,0.093,9.3,0,Premium Customers
372,626,0.164,16.4,1,Price-Sensitive Customers
373,516,0.224,22.4,1,Price-Sensitive Customers
374,1064,0.162,16.2,1,Price-Sensitive Customers
375,1068,0.074,7.4,1,Price-Sensitive Customers
376,1845,0.026,2.6,0,Premium Customers
377,1184,0.22,22.0,2,Value-Oriented Customers
378,1124,0.025,2.5,0,Premium Customers
379,1810,0.221,22.1,2,Value-Oriented Customers
380,1352,0.142,14.2,2,Value-Oriented Customers
381,1460,0.236,23.6,2,Value-Oriented Customers
382,653,0.204,20.4,1,Price-Sensitive Customers
383,988,0.25,25.0,2,Value-Oriented Customers
384,1908,0.101,10.1,0,Premium Customers
385,1283,0.196,19.6,2,Value-Oriented Customers
386,1626,0.112,11.2,0,Premium Customers
387,1915,0.13,13.0,0,Premium Customers
388,744,0.164,16.4,1,Price-Sensitive Customers
389,1698,0.221,22.1,2,Value-Oriented Customers
390,1561,0.246,24.6,2,Value-Oriented Customers
391,1999,0.197,19.7,2,Value-Oriented Customers
392,1257,0.116,11.6,0,Premium Customers
393,1036,0.117,11.7,1,Price-Sensitive Customers
394,1419,0.19,19.0,2,Value-Oriented Customers
395,906,0.075,7.5,1,Price-Sensitive Customers
396,1023,0.045,4.5,0,Premium Customers
397,1326,0.102,10.2,0,Premium Customers
398,1401,0.086,8.6,0,Premium Customers
399,534,0.088,8.8,1,Price-Sensitive Customers
400,1183,0.074,7.4,0,Premium Customers
401,518,0.03,3.0,1,Price-Sensitive Customers
402,819,0.024,2.4,1,Price-Sensitive Customers
403,1010,0.247,24.7,2,Value-Oriented Customers
404,898,0.118,11.8,1,Price-Sensitive Customers
405,1152,0.108,10.8,1,Price-Sensitive Customers
406,1470,0.176,17.6,2,Value-Oriented Customers
407,969,0.07,7.0,1,Price-Sensitive Customers
408,1665,0.238,23.8,2,Value-Oriented Customers
409,1614,0.201,20.1,2,Value-Oriented Customers
410,1876,0.041,4.1,0,Premium Customers
411,1332,0.116,11.6,0,Premium Customers
412,1225,0.222,22.2,2,Value-Oriented Customers
413,1352,0.237,23.7,2,Value-Oriented Customers
414,549,0.128,12.8,1,Price-Sensitive Customers
415,1073,0.161,16.1,1,Price-Sensitive Customers
416,1712,0.058,5.8,0,Premium Customers
417,1647,0.248,24.8,2,Value-Oriented Customers
418,648,0.073,7.3,1,Price-Sensitive Customers
419,812,0.237,23.7,1,Price-Sensitive Customers
420,1068,0.169,16.9,1,Price-Sensitive Customers
421,1864,0.16,16.0,2,Value-Oriented Customers
422,803,0.138,13.8,1,Price-Sensitive Customers
423,1180,0.073,7.3,0,Premium Customers
424,1336,0.061,6.1,0,Premium Customers
425,1576,0.071,7.1,0,Premium Customers
426,1501,0.063,6.3,0,Premium Customers
427,942,0.199,19.9,1,Price-Sensitive Customers
428,1111,0.101,10.1,1,Price-Sensitive Customers
429,1491,0.033,3.3,0,Premium Customers
430,762,0.243,24.3,1,Price-Sensitive Customers
431,1575,0.223,22.3,2,Value-Oriented Customers
432,1502,0.233,23.3,2,Value-Oriented Customers
433,503,0.249,24.9,1,Price-Sensitive Customers
434,1625,0.06,6.0,0,Premium Customers
435,1718,0.111,11.1,0,Premium Customers
436,1272,0.194,19.4,2,Value-Oriented Customers
437,1375,0.18,18.0,2,Value-Oriented Customers
438,1490,0.055,5.5,0,Premium Customers
439,1382,0.208,20.8,2,Value-Oriented Customers
440,1872,0.072,7.2,0,Premium Customers
441,545,0.071,7.1,1,Price-Sensitive Customers
442,1365,0.144,14.4,2,Value-Oriented Customers
443,1321,0.156,15.6,2,Value-Oriented Customers
444,1434,0.153,15.3,2,Value-Oriented Customers
445,1154,0.041,4.1,0,Premium Customers
446,767,0.222,22.2,1,Price-Sensitive Customers
447,868,0.081,8.1,1,Price-Sensitive Customers
448,1134,0.05,5.0,0,Premium Customers
449,1628,0.224,22.4,2,Value-Oriented Customers
450,1155,0.24,24.0,2,Value-Oriented Customers
451,618,0.218,21.8,1,Price-Sensitive Customers
452,1329,0.206,20.6,2,Value-Oriented Customers
453,1580,0.171,17.1,2,Value-Oriented Customers
454,1868,0.147,14.7,2,Value-Oriented Customers
455,1239,0.04,4.0,0,Premium Customers
456,1996,0.114,11.4,0,Premium Customers
457,615,0.106,10.6,1,Price-Sensitive Customers
458,1289,0.08,8.0,0,Premium Customers
459,1649,0.186,18.6,2,Value-Oriented Customers
460,1915,0.134,13.4,0,Premium Customers
461,1511,0.039,3.9,0,Premium Customers
462,1580,0.071,7.1,0,Premium Customers
463,1132,0.177,17.7,2,Value-Oriented Customers
464,1011,0.038,3.8,0,Premium Customers
465,1300,0.216,21.6,2,Value-Oriented Customers
466,1618,0.134,13.4,0,Premium Customers
467,1640,0.131,13.1,0,Premium Customers
468,1058,0.156,15.6,1,Price-Sensitive Customers
469,986,0.21,21.0,2,Value-Oriented Customers
470,1759,0.1,10.0,0,Premium Customers
471,1395,0.176,17.6,2,Value-Oriented Customers
472,1794,0.15,15.0,2,Value-Oriented Customers
473,1711,0.081,8.1,0,Premium Customers
474,1202,0.222,22.2,2,Value-Oriented Customers
475,1969,0.203,20.3,2,Value-Oriented Customers
476,1079,0.171,17.1,1,Price-Sensitive Customers
477,1288,0.216,21.6,2,Value-Oriented Customers
478,1359,0.219,21.9,2,Value-Oriented Customers
479,745,0.183,18.3,1,Price-Sensitive Customers
480,1598,0.213,21.3,2,Value-Oriented Customers
481,652,0.18,18.0,1,Price-Sensitive Customers
482,1957,0.176,17.6,2,Value-Oriented Customers
483,1495,0.162,16.2,2,Value-Oriented Customers
484,1608,0.193,19.3,2,Value-Oriented Customers
485,1195,0.056,5.6,0,Premium Customers
486,1807,0.223,22.3,2,Value-Oriented Customers
487,1742,0.221,22.1,2,Value-Oriented Customers
488,1591,0.027,2.7,0,Premium Customers
489,1569,0.21,21.0,2,Value-Oriented Customers
490,1507,0.05,5.0,0,Premium Customers
491,592,0.097,9.7,1,Price-Sensitive Customers
492,1456,0.191,19.1,2,Value-Oriented Customers
493,1510,0.057,5.7,0,Premium Customers
494,951,0.208,20.8,1,Price-Sensitive Customers
495,1726,0.211,21.1,2,Value-Oriented Customers
496,1410,0.137,13.7,2,Value-Oriented Customers
497,716,0.021,2.1,1,Price-Sensitive Customers
498,972,0.086,8.6,1,Price-Sensitive Customers
499,930,0.162,16.2,1,Price-Sensitive Customers
500,839,0.246,24.6,2,Value-Oriented Customers
501,1049,0.165,16.5,1,Price-Sensitive Customers
502,1811,0.08,8.0,0,Premium Customers
503,1776,0.166,16.6,2,Value-Oriented Customers
504,855,0.144,14.4,1,Price-Sensitive Customers
505,521,0.199,19.9,1,Price-Sensitive Customers
506,1020,0.045,4.5,0,Premium Customers
507,1622,0.195,19.5,2,Value-Oriented Customers
508,1300,0.144,14.4,2,Value-Oriented Customers
509,1702,0.241,24.1,2,Value-Oriented Customers
510,1745,0.099,9.9,0,Premium Customers
511,1260,0.166,16.6,2,Value-Oriented Customers
512,940,0.234,23.4,2,Value-Oriented Customers
513,1267,0.044,4.4,0,Premium Customers
514,1514,0.236,23.6,2,Value-Oriented Customers
515,1847,0.178,17.8,2,Value-Oriented Customers
516,1014,0.036,3.6,0,Premium Customers
517,1538,0.089,8.9,0,Premium Customers
518,1290,0.183,18.3,2,Value-Oriented Customers
519,834,0.035,3.5,1,Price-Sensitive Customers
520,756,0.154,15.4,1,Price-Sensitive Customers
521,995,0.1,10.0,1,Price-Sensitive Customers
522,1394,0.163,16.3,2,Value-Oriented Customers
523,658,0.031,3.1,1,Price-Sensitive Customers
524,1997,0.22,22.0,2,Value-Oriented Customers
525,1350,0.244,24.4,2,Value-Oriented Customers
526,1188,0.243,24.3,2,Value-Oriented Customers
527,878,0.192,19.2,1,Price-Sensitive Customers
528,1455,0.05,5.0,0,Premium Customers
529,1189,0.194,19.4,2,Value-Oriented Customers
530,1949,0.026,2.6,0,Premium Customers
531,1790,0.025,2.5,0,Premium Customers
532,1939,0.094,9.4,0,Premium Customers
533,1690,0.132,13.2,0,Premium Customers
534,1565,0.197,19.7,2,Value-Oriented Customers
535,783,0.177,17.7,1,Price-Sensitive Customers
536,895,0.123,12.3,1,Price-Sensitive Customers
537,510,0.083,8.3,1,Price-Sensitive Customers
538,1824,0.249,24.9,2,Value-Oriented Customers
539,1775,0.118,11.8,0,Premium Customers
540,997,0.124,12.4,1,Price-Sensitive Customers
541,1252,0.058,5.8,0,Premium Customers
542,533,0.203,20.3,1,Price-Sensitive Customers
543,1225,0.18,18.0,2,Value-Oriented Customers
544,1347,0.071,7.1,0,Premium Customers
545,588,0.039,3.9,1,Price-Sensitive Customers
546,1274,0.177,17.7,2,Value-Oriented Customers
547,1103,0.171,17.1,1,Price-Sensitive Customers
548,1468,0.083,8.3,0,Premium Customers
549,1520,0.239,23.9,2,Value-Oriented Customers
550,916,0.055,5.5,1,Price-Sensitive Customers
551,613,0.119,11.9,1,Price-Sensitive Customers
552,1115,0.237,23.7,2,Value-Oriented Customers
553,1718,0.117,11.7,0,Premium Customers
554,1324,0.167,16.7,2,Value-Oriented Customers
555,1597,0.111,11.1,0,Premium Customers
556,911,0.083,8.3,1,Price-Sensitive Customers
557,1898,0.246,24.6,2,Value-Oriented Customers
558,1942,0.114,11.4,0,Premium Customers
559,1227,0.226,22.6,2,Value-Oriented Customers
560,1799,0.073,7.3,0,Premium Customers
561,1519,0.069,6.9,0,Premium Customers
562,1259,0.027,2.7,0,Premium Customers
563,1174,0.17,17.0,2,Value-Oriented Customers
564,1916,0.105,10.5,0,Premium Customers
565,955,0.219,21.9,2,Value-Oriented Customers
566,1418,0.129,12.9,0,Premium Customers
567,690,0.243,24.3,1,Price-Sensitive Customers
568,1237,0.063,6.3,0,Premium Customers
569,1621,0.22,22.0,2,Value-Oriented Customers
570,1476,0.199,19.9,2,Value-Oriented Customers
571,1507,0.197,19.7,2,Value-Oriented Customers
572,594,0.214,21.4,1,Price-Sensitive Customers
573,1161,0.195,19.5,2,Value-Oriented Customers
574,1712,0.164,16.4,2,Value-Oriented Customers
575,535,0.05,5.0,1,Price-Sensitive Customers
576,1891,0.027,2.7,0,Premium Customers
577,777,0.232,23.2,1,Price-Sensitive Customers
578,715,0.162,16.2,1,Price-Sensitive Customers
579,1365,0.203,20.3,2,Value-Oriented Customers
580,1371,0.131,13.1,0,Premium Customers
581,1795,0.047,4.7,0,Premium Customers
582,560,0.049,4.9,1,Price-Sensitive Customers
583,1094,0.178,17.8,2,Value-Oriented Customers
584,1227,0.119,11.9,0,Premium Customers
585,1864,0.066,6.6,0,Premium Customers
586,895,0.133,13.3,1,Price-Sensitive Customers
587,1197,0.035,3.5,0,Premium Customers
588,1541,0.154,15.4,2,Value-Oriented Customers
589,675,0.082,8.2,1,Price-Sensitive Customers
590,894,0.203,20.3,1,Price-Sensitive Customers
591,943,0.091,9.1,1,Price-Sensitive Customers
592,1755,0.125,12.5,0,Premium Customers
593,574,0.023,2.3,1,Price-Sensitive Customers
594,763,0.037,3.7,1,Price-Sensitive Customers
595,953,0.11,11.0,1,Price-Sensitive Customers
596,1216,0.13,13.0,1,Price-Sensitive Customers
597,1233,0.158,15.8,2,Value-Oriented Customers
598,1906,0.087,8.7,0,Premium Customers
599,1349,0.18,18.0,2,Value-Oriented Customers
600,1889,0.218,21.8,2,Value-Oriented Customers
601,642,0.199,19.9,1,Price-Sensitive Customers
602,1383,0.029,2.9,0,Premium Customers
603,1591,0.131,13.1,0,Premium Customers
604,1621,0.044,4.4,0,Premium Customers
605,894,0.076,7.6,1,Price-Sensitive Customers
606,1547,0.247,24.7,2,Value-Oriented Customers
607,1446,0.053,5.3,0,Premium Customers
608,1389,0.135,13.5,0,Premium Customers
609,1991,0.162,16.2,2,Value-Oriented Customers
610,1673,0.182,18.2,2,Value-Oriented Customers
611,1666,0.149,14.9,2,Value-Oriented Customers
612,1067,0.022,2.2,0,Premium Customers
613,1561,0.095,9.5,0,Premium Customers
614,607,0.139,13.9,1,Price-Sensitive Customers
615,1564,0.04,4.0,0,Premium Customers
616,1708,0.101,10.1,0,Premium Customers
617,1433,0.028,2.8,0,Premium Customers
618,896,0.038,3.8,1,Price-Sensitive Customers
619,1745,0.111,11.1,0,Premium Customers
620,1132,0.051,5.1,0,Premium Customers
621,1655,0.151,15.1,2,Value-Oriented Customers
622,1685,0.179,17.9,2,Value-Oriented Customers
623,1737,0.204,20.4,2,Value-Oriented Customers
624,1231,0.066,6.6,0,Premium Customers
625,733,0.059,5.9,1,Price-Sensitive Customers
626,1156,0.044,4.4,0,Premium Customers
627,1249,0.166,16.6,2,Value-Oriented Customers
628,1086,0.182,18.2,2,Value-Oriented Customers
629,1531,0.027,2.7,0,Premium Customers
630,1596,0.235,23.5,2,Value-Oriented Customers
631,1452,0.032,3.2,0,Premium Customers
632,990,0.144,14.4,1,Price-Sensitive Customers
633,1411,0.183,18.3,2,Value-Oriented Customers
634,1775,0.22,22.0,2,Value-Oriented Customers
635,1752,0.184,18.4,2,Value-Oriented Customers
636,1696,0.204,20.4,2,Value-Oriented Customers
637,1690,0.098,9.8,0,Premium Customers
638,668,0.207,20.7,1,Price-Sensitive Customers
639,1915,0.038,3.8,0,Premium Customers
640,1444,0.226,22.6,2,Value-Oriented Customers
641,1293,0.146,14.6,2,Value-Oriented Customers
642,1132,0.208,20.8,2,Value-Oriented Customers
643,1716,0.124,12.4,0,Premium Customers
644,527,0.168,16.8,1,Price-Sensitive Customers
645,1687,0.141,14.1,2,Value-Oriented Customers
646,1944,0.188,18.8,2,Value-Oriented Customers
647,837,0.039,3.9,1,Price-Sensitive Customers
648,1887,0.034,3.4,0,Premium Customers
649,1864,0.077,7.7,0,Premium Customers
650,998,0.057,5.7,1,Price-Sensitive Customers
651,1009,0.221,22.1,2,Value-Oriented Customers
652,1849,0.07,7.0,0,Premium Customers
653,715,0.244,24.4,1,Price-Sensitive Customers
654,1823,0.097,9.7,0,Premium Customers
655,1654,0.062,6.2,0,Premium Customers
656,1592,0.202,20.2,2,Value-Oriented Customers
657,1774,0.172,17.2,2,Value-Oriented Customers
658,1937,0.135,13.5,0,Premium Customers
659,943,0.148,14.8,1,Price-Sensitive Customers
660,1374,0.185,18.5,2,Value-Oriented Customers
661,1704,0.073,7.3,0,Premium Customers
662,665,0.249,24.9,1,Price-Sensitive Customers
663,589,0.244,24.4,1,Price-Sensitive Customers
664,1212,0.17,17.0,2,Value-Oriented Customers
665,537,0.066,6.6,1,Price-Sensitive Customers
666,1648,0.176,17.6,2,Value-Oriented Customers
667,1973,0.037,3.7,0,Premium Customers
668,671,0.027,2.7,1,Price-Sensitive Customers
669,1151,0.079,7.9,0,Premium Customers
670,1252,0.126,12.6,0,Premium Customers
671,1742,0.22,22.0,2,Value-Oriented Customers
672,1580,0.187,18.7,2,Value-Oriented Customers
673,974,0.191,19.1,1,Price-Sensitive Customers
674,954,0.118,11.8,1,Price-Sensitive Customers
675,1327,0.1,10.0,0,Premium Customers
676,1393,0.105,10.5,0,Premium Customers
677,1883,0.247,24.7,2,Value-Oriented Customers
678,1523,0.029,2.9,0,Premium Customers
679,885,0.219,21.9,1,Price-Sensitive Customers
680,846,0.153,15.3,1,Price-Sensitive Customers
681,688,0.121,12.1,1,Price-Sensitive Customers
682,1003,0.187,18.7,1,Price-Sensitive Customers
683,1713,0.132,13.2,0,Premium Customers
684,1891,0.221,22.1,2,Value-Oriented Customers
685,1931,0.227,22.7,2,Value-Oriented Customers
686,1322,0.117,11.7,0,Premium Customers
687,1427,0.084,8.4,0,Premium Customers
688,1432,0.156,15.6,2,Value-Oriented Customers
689,1639,0.23,23.0,2,Value-Oriented Customers
690,632,0.068,6.8,1,Price-Sensitive Customers
691,556,0.163,16.3,1,Price-Sensitive Customers
692,1183,0.165,16.5,2,Value-Oriented Customers
693,1170,0.189,18.9,2,Value-Oriented Customers
694,671,0.05,5.0,1,Price-Sensitive Customers
695,1313,0.185,18.5,2,Value-Oriented Customers
696,1671,0.229,22.9,2,Value-Oriented Customers
697,578,0.061,6.1,1,Price-Sensitive Customers
698,1384,0.075,7.5,0,Premium Customers
699,1735,0.243,24.3,2,Value-Oriented Customers
700,701,0.062,6.2,1,Price-Sensitive Customers
701,1262,0.217,21.7,2,Value-Oriented Customers
702,1751,0.133,13.3,0,Premium Customers
703,1749,0.077,7.7,0,Premium Customers
704,1963,0.22,22.0,2,Value-Oriented Customers
705,1924,0.122,12.2,0,Premium Customers
706,545,0.138,13.8,1,Price-Sensitive Customers
707,1755,0.103,10.3,0,Premium Customers
708,1827,0.156,15.6,2,Value-Oriented Customers
709,1665,0.058,5.8,0,Premium Customers
710,1937,0.11,11.0,0,Premium Customers
711,1895,0.243,24.3,2,Value-Oriented Customers
712,1781,0.079,7.9,0,Premium Customers
713,1154,0.171,17.1,2,Value-Oriented Customers
714,969,0.095,9.5,1,Price-Sensitive Customers
715,1469,0.198,19.8,2,Value-Oriented Customers
716,1534,0.05,5.0,0,Premium Customers
717,1852,0.243,24.3,2,Value-Oriented Customers
718,1234,0.124,12.4,0,Premium Customers
719,1282,0.074,7.4,0,Premium Customers
720,1466,0.037,3.7,0,Premium Customers
721,856,0.059,5.9,1,Price-Sensitive Customers
722,1470,0.14,14.0,2,Value-Oriented Customers
723,1930,0.098,9.8,0,Premium Customers
724,1166,0.211,21.1,2,Value-Oriented Customers
725,871,0.119,11.9,1,Price-Sensitive Customers
726,1530,0.077,7.7,0,Premium Customers
727,1644,0.162,16.2,2,Value-Oriented Customers
728,1870,0.183,18.3,2,Value-Oriented Customers
729,1174,0.058,5.8,0,Premium Customers
730,588,0.059,5.9,1,Price-Sensitive Customers
731,1196,0.028,2.8,0,Premium Customers
732,1838,0.189,18.9,2,Value-Oriented Customers
733,1700,0.173,17.3,2,Value-Oriented Customers
734,1038,0.129,12.9,1,Price-Sensitive Customers
735,1230,0.214,21.4,2,Value-Oriented Customers
736,1367,0.205,20.5,2,Value-Oriented Customers
737,539,0.155,15.5,1,Price-Sensitive Customers
738,1238,0.22,22.0,2,Value-Oriented Customers
739,1000,0.067,6.7,1,Price-Sensitive Customers
740,1457,0.046,4.6,0,Premium Customers
741,1667,0.082,8.2,0,Premium Customers
742,1723,0.033,3.3,0,Premium Customers
743,1427,0.142,14.2,2,Value-Oriented Customers
744,959,0.235,23.5,2,Value-Oriented Customers
745,1230,0.029,2.9,0,Premium Customers
746,1250,0.048,4.8,0,Premium Customers
747,1423,0.124,12.4,0,Premium Customers
748,1407,0.235,23.5,2,Value-Oriented Customers
749,1775,0.093,9.3,0,Premium Customers
750,888,0.137,13.7,1,Price-Sensitive Customers
751,1381,0.03,3.0,0,Premium Customers
752,754,0.054,5.4,1,Price-Sensitive Customers
753,1207,0.247,24.7,2,Value-Oriented Customers
754,948,0.242,24.2,2,Value-Oriented Customers
755,508,0.021,2.1,1,Price-Sensitive Customers
756,1322,0.239,23.9,2,Value-Oriented Customers
757,1296,0.167,16.7,2,Value-Oriented Customers
758,1764,0.22,22.0,2,Value-Oriented Customers
759,1773,0.125,12.5,0,Premium Customers
760,1375,0.139,13.9,2,Value-Oriented Customers
761,1527,0.132,13.2,0,Premium Customers
762,1641,0.173,17.3,2,Value-Oriented Customers
763,1514,0.052,5.2,0,Premium Customers
764,872,0.027,2.7,1,Price-Sensitive Customers
765,1587,0.091,9.1,0,Premium Customers
766,644,0.182,18.2,1,Price-Sensitive Customers
767,722,0.066,6.6,1,Price-Sensitive Customers
768,1761,0.175,17.5,2,Value-Oriented Customers
769,675,0.243,24.3,1,Price-Sensitive Customers
770,1351,0.042,4.2,0,Premium Customers
771,1804,0.175,17.5,2,Value-Oriented Customers
772,561,0.122,12.2,1,Price-Sensitive Customers
773,1739,0.22,22.0,2,Value-Oriented Customers
774,1325,0.061,6.1,0,Premium Customers
775,1293,0.179,17.9,2,Value-Oriented Customers
776,1187,0.213,21.3,2,Value-Oriented Customers
777,1983,0.237,23.7,2,Value-Oriented Customers
778,603,0.177,17.7,1,Price-Sensitive Customers
779,1621,0.134,13.4,0,Premium Customers
780,1009,0.162,16.2,1,Price-Sensitive Customers
781,883,0.22,22.0,1,Price-Sensitive Customers
782,903,0.151,15.1,1,Price-Sensitive Customers
783,1321,0.027,2.7,0,Premium Customers
784,1016,0.234,23.4,2,Value-Oriented Customers
785,974,0.179,17.9,1,Price-Sensitive Customers
786,1207,0.176,17.6,2,Value-Oriented Customers
787,1269,0.07,7.0,0,Premium Customers
788,1959,0.172,17.2,2,Value-Oriented Customers
789,1545,0.111,11.1,0,Premium Customers
790,1495,0.17,17.0,2,Value-Oriented Customers
791,1175,0.045,4.5,0,Premium Customers
792,1212,0.171,17.1,2,Value-Oriented Customers
793,1980,0.25,25.0,2,Value-Oriented Customers
794,581,0.031,3.1,1,Price-Sensitive Customers
795,1667,0.245,24.5,2,Value-Oriented Customers
796,1607,0.114,11.4,0,Premium Customers
797,1600,0.22,22.0,2,Value-Oriented Customers
798,955,0.2,20.0,1,Price-Sensitive Customers
799,499,0.15,15.0,1,Price-Sensitive Customers
800,549,0.19,19.0,1,Price-Sensitive Customers
801,1183,0.222,22.2,2,Value-Oriented Customers
802,1215,0.113,11.3,0,Premium Customers
803,1968,0.095,9.5,0,Premium Customers
804,947,0.174,17.4,1,Price-Sensitive Customers
805,1379,0.206,20.6,2,Value-Oriented Customers
806,986,0.195,19.5,1,Price-Sensitive Customers
807,532,0.203,20.3,1,Price-Sensitive Customers
808,1870,0.12,12.0,0,Premium Customers
809,593,0.208,20.8,1,Price-Sensitive Customers
810,1594,0.048,4.8,0,Premium Customers
811,652,0.145,14.5,1,Price-Sensitive Customers
812,748,0.021,2.1,1,Price-Sensitive Customers
813,1172,0.095,9.5,0,Premium Customers
814,936,0.104,10.4,1,Price-Sensitive Customers
815,616,0.111,11.1,1,Price-Sensitive Customers
816,1269,0.18,18.0,2,Value-Oriented Customers
817,1828,0.109,10.9,0,Premium Customers
818,766,0.123,12.3,1,Price-Sensitive Customers
819,1576,0.075,7.5,0,Premium Customers
820,734,0.106,10.6,1,Price-Sensitive Customers
821,887,0.072,7.2,1,Price-Sensitive Customers
822,1488,0.037,3.7,0,Premium Customers
823,1261,0.159,15.9,2,Value-Oriented Customers
824,899,0.174,17.4,1,Price-Sensitive Customers
825,1122,0.162,16.2,1,Price-Sensitive Customers
826,1265,0.127,12.7,0,Premium Customers
827,1825,0.107,10.7,0,Premium Customers
828,1417,0.219,21.9,2,Value-Oriented Customers
829,1729,0.139,13.9,0,Premium Customers
830,1751,0.13,13.0,0,Premium Customers
831,1351,0.026,2.6,0,Premium Customers
832,1076,0.098,9.8,1,Price-Sensitive Customers
833,573,0.107,10.7,1,Price-Sensitive Customers
834,933,0.112,11.2,1,Price-Sensitive Customers
835,601,0.153,15.3,1,Price-Sensitive Customers
836,1944,0.143,14.3,0,Premium Customers
837,1262,0.16,16.0,2,Value-Oriented Customers
838,1236,0.196,19.6,2,Value-Oriented Customers
839,1304,0.207,20.7,2,Value-Oriented Customers
840,1828,0.185,18.5,2,Value-Oriented Customers
841,596,0.24,24.0,1,Price-Sensitive Customers
842,1296,0.024,2.4,0,Premium Customers
843,1857,0.065,6.5,0,Premium Customers
844,1357,0.022,2.2,0,Premium Customers
845,933,0.169,16.9,1,Price-Sensitive Customers
846,945,0.227,22.7,2,Value-Oriented Customers
847,1830,0.076,7.6,0,Premium Customers
848,747,0.233,23.3,1,Price-Sensitive Customers
849,664,0.034,3.4,1,Price-Sensitive Customers
850,1482,0.235,23.5,2,Value-Oriented Customers
851,1857,0.101,10.1,0,Premium Customers
852,1518,0.043,4.3,0,Premium Customers
853,1040,0.132,13.2,1,Price-Sensitive Customers
854,1257,0.079,7.9,0,Premium Customers
855,1628,0.086,8.6,0,Premium Customers
856,579,0.091,9.1,1,Price-Sensitive Customers
857,631,0.205,20.5,1,Price-Sensitive Customers
858,1295,0.144,14.4,2,Value-Oriented Customers
859,1398,0.092,9.2,0,Premium Customers
860,636,0.16,16.0,1,Price-Sensitive Customers
861,682,0.185,18.5,1,Price-Sensitive Customers
862,1923,0.083,8.3,0,Premium Customers
863,1852,0.115,11.5,0,Premium Customers
864,1283,0.048,4.8,0,Premium Customers
865,1482,0.062,6.2,0,Premium Customers
866,567,0.177,17.7,1,Price-Sensitive Customers
867,1044,0.062,6.2,1,Price-Sensitive Customers
868,551,0.141,14.1,1,Price-Sensitive Customers
869,1972,0.183,18.3,2,Value-Oriented Customers
870,703,0.045,4.5,1,Price-Sensitive Customers
871,624,0.15,15.0,1,Price-Sensitive Customers
872,541,0.079,7.9,1,Price-Sensitive Customers
873,609,0.241,24.1,1,Price-Sensitive Customers
874,1259,0.131,13.1,0,Premium Customers
875,1705,0.205,20.5,2,Value-Oriented Customers
876,1346,0.147,14.7,2,Value-Oriented Customers
877,593,0.03,3.0,1,Price-Sensitive Customers
878,1896,0.166,16.6,2,Value-Oriented Customers
879,1398,0.239,23.9,2,Value-Oriented Customers
880,858,0.158,15.8,1,Price-Sensitive Customers
881,1398,0.208,20.8,2,Value-Oriented Customers
882,779,0.223,22.3,1,Price-Sensitive Customers
883,1717,0.072,7.2,0,Premium Customers
884,1717,0.069,6.9,0,Premium Customers
885,1165,0.161,16.1,2,Value-Oriented Customers
886,591,0.115,11.5,1,Price-Sensitive Customers
887,1170,0.213,21.3,2,Value-Oriented Customers
888,559,0.227,22.7,1,Price-Sensitive Customers
889,1132,0.101,10.1,1,Price-Sensitive Customers
890,1573,0.074,7.4,0,Premium Customers
891,1925,0.2,20.0,2,Value-Oriented Customers
892,1527,0.083,8.3,0,Premium Customers
893,1988,0.209,20.9,2,Value-Oriented Customers
894,1102,0.117,11.7,1,Price-Sensitive Customers
895,1180,0.174,17.4,2,Value-Oriented Customers
896,1032,0.042,4.2,0,Premium Customers
897,1927,0.163,16.3,2,Value-Oriented Customers
898,1336,0.124,12.4,0,Premium Customers
899,1143,0.155,15.5,1,Price-Sensitive Customers
900,731,0.059,5.9,1,Price-Sensitive Customers
901,1022,0.189,18.9,1,Price-Sensitive Customers
902,844,0.218,21.8,1,Price-Sensitive Customers
903,1568,0.07,7.0,0,Premium Customers
904,1044,0.042,4.2,0,Premium Customers
905,1600,0.025,2.5,0,Premium Customers
906,1595,0.168,16.8,2,Value-Oriented Customers
907,1292,0.16,16.0,2,Value-Oriented Customers
908,747,0.146,14.6,1,Price-Sensitive Customers
909,545,0.073,7.3,1,Price-Sensitive Customers
910,1643,0.11,11.0,0,Premium Customers
911,712,0.157,15.7,1,Price-Sensitive Customers
912,737,0.134,13.4,1,Price-Sensitive Customers
913,1578,0.247,24.7,2,Value-Oriented Customers
914,848,0.051,5.1,1,Price-Sensitive Customers
915,605,0.18,18.0,1,Price-Sensitive Customers
916,1329,0.113,11.3,0,Premium Customers
917,546,0.118,11.8,1,Price-Sensitive Customers
918,835,0.185,18.5,1,Price-Sensitive Customers
919,1548,0.179,17.9,2,Value-Oriented Customers
920,1302,0.248,24.8,2,Value-Oriented Customers
921,1779,0.05,5.0,0,Premium Customers
922,506,0.044,4.4,1,Price-Sensitive Customers
923,1123,0.187,18.7,2,Value-Oriented Customers
924,1775,0.153,15.3,2,Value-Oriented Customers
925,1217,0.083,8.3,0,Premium Customers
926,801,0.038,3.8,1,Price-Sensitive Customers
927,1137,0.04,4.0,0,Premium Customers
928,554,0.226,22.6,1,Price-Sensitive Customers
929,1224,0.064,6.4,0,Premium Customers
930,1024,0.094,9.4,1,Price-Sensitive Customers
931,972,0.072,7.2,1,Price-Sensitive Customers
932,526,0.102,10.2,1,Price-Sensitive Customers
933,576,0.036,3.6,1,Price-Sensitive Customers
934,1738,0.139,13.9,0,Premium Customers
935,1908,0.036,3.6,0,Premium Customers
936,863,0.204,20.4,1,Price-Sensitive Customers
937,1164,0.074,7.4,0,Premium Customers
938,1024,0.144,14.4,1,Price-Sensitive Customers
939,1197,0.222,22.2,2,Value-Oriented Customers
940,1834,0.17,17.0,2,Value-Oriented Customers
941,1381,0.143,14.3,2,Value-Oriented Customers
942,1529,0.095,9.5,0,Premium Customers
943,1525,0.097,9.7,0,Premium Customers
944,1417,0.174,17.4,2,Value-Oriented Customers
945,1248,0.249,24.9,2,Value-Oriented Customers
946,861,0.172,17.2,1,Price-Sensitive Customers
947,1796,0.148,14.8,2,Value-Oriented Customers
948,1304,0.188,18.8,2,Value-Oriented Customers
949,1237,0.127,12.7,1,Price-Sensitive Customers
950,1537,0.034,3.4,0,Premium Customers
951,1714,0.149,14.9,2,Value-Oriented Customers
952,983,0.24,24.0,2,Value-Oriented Customers
953,526,0.06,6.0,1,Price-Sensitive Customers
954,1212,0.179,17.9,2,Value-Oriented Customers
955,1561,0.066,6.6,0,Premium Customers
956,1795,0.143,14.3,2,Value-Oriented Customers
957,1753,0.042,4.2,0,Premium Customers
958,584,0.124,12.4,1,Price-Sensitive Customers
959,1996,0.194,19.4,2,Value-Oriented Customers
960,624,0.1,10.0,1,Price-Sensitive Customers
961,1310,0.173,17.3,2,Value-Oriented Customers
962,1035,0.203,20.3,2,Value-Oriented Customers
963,643,0.233,23.3,1,Price-Sensitive Customers
964,1734,0.074,7.4,0,Premium Customers
965,523,0.112,11.2,1,Price-Sensitive Customers
966,1916,0.055,5.5,0,Premium Customers
967,565,0.248,24.8,1,Price-Sensitive Customers
968,731,0.233,23.3,1,Price-Sensitive Customers
969,607,0.144,14.4,1,Price-Sensitive Customers
970,1668,0.214,21.4,2,Value-Oriented Customers
971,609,0.14,14.0,1,Price-Sensitive Customers
972,726,0.163,16.3,1,Price-Sensitive Customers
973,609,0.04,4.0,1,Price-Sensitive Customers
974,1992,0.194,19.4,2,Value-Oriented Customers
975,532,0.049,4.9,1,Price-Sensitive Customers
976,1121,0.21,21.0,2,Value-Oriented Customers
977,1891,0.2,20.0,2,Value-Oriented Customers
978,1246,0.183,18.3,2,Value-Oriented Customers
979,1093,0.028,2.8,0,Premium Customers
980,923,0.09,9.0,1,Price-Sensitive Customers
981,1111,0.081,8.1,0,Premium Customers
982,1190,0.103,10.3,0,Premium Customers
983,1804,0.04,4.0,0,Premium Customers
984,1842,0.236,23.6,2,Value-Oriented Customers
985,1965,0.147,14.7,2,Value-Oriented Customers
986,813,0.09,9.0,1,Price-Sensitive Customers
987,1375,0.111,11.1,0,Premium Customers
988,1899,0.123,12.3,0,Premium Customers
989,1811,0.158,15.8,2,Value-Oriented Customers
990,1959,0.139,13.9,0,Premium Customers
991,1160,0.231,23.1,2,Value-Oriented Customers
992,775,0.134,13.4,1,Price-Sensitive Customers
993,1122,0.248,24.8,2,Value-Oriented Customers
994,1014,0.216,21.6,2,Value-Oriented Customers
995,1872,0.068,6.8,0,Premium Customers
996,1341,0.234,23.4,2,Value-Oriented Customers
997,1968,0.047,4.7,0,Premium Customers
998,848,0.208,20.8,1,Price-Sensitive Customers
999,1321,0.108,10.8,0,Premium Customers
1000,1659,0.222,22.2,2,Value-Oriented Customers
